analysis_unit,roi,group,feature,target,spearman_r,ci_lower_participant_bootstrap_95,ci_upper_participant_bootstrap_95,p_value_raw,n,bootstrap_resamples_requested,bootstrap_resamples_accepted,bootstrap_resamples_rejected,bootstrap_seed_for_test,p_fdr_bh_all_27,significant_fdr_0_05
final_test_table_participant_mean_primary,disc,Diameter / Calibre,artery_width_median_px,param35_continuous_pwv,0.02679490213694415,0.0032194250895912695,0.0504534480276593,0.02605269633718067,6898,2000,2000,0,20260826,0.03702225268967779,True
final_test_table_participant_mean_primary,disc,Diameter / Calibre,vein_width_median_px,param35_continuous_pwv,-0.05044461808736779,-0.07341535590655265,-0.02672131346446447,2.7594780226912853e-05,6901,2000,2000,0,20260827,8.278434068073857e-05,True
final_test_table_participant_mean_primary,disc,Diameter / Calibre,AVR,param35_continuous_pwv,0.05976071413176869,0.03645728359784159,0.08489165887832266,6.827834583906001e-07,6896,2000,2000,0,20260828,3.0725255627577006e-06,True
final_test_table_participant_mean_primary,disc,Central Light Reflex,artery_clr,param35_continuous_pwv,0.03236624746672405,0.007684790148305489,0.05618956409712384,0.007180181174518261,6898,2000,2000,0,20260829,0.014912683977845618,True
final_test_table_participant_mean_primary,disc,Central Light Reflex,vein_clr,param35_continuous_pwv,0.07445881242709378,0.05112950882037158,0.09648736348747362,5.905266851036939e-10,6901,2000,2000,0,20260830,3.188844099559947e-09,True
final_test_table_participant_mean_primary,disc,Morphology,artery_tortuosity_median_branch,param35_continuous_pwv,0.014422142079236203,-0.009219016167299482,0.0379276266849681,0.23108141556807618,6897,2000,2000,0,20260831,0.2835999191062753,False
final_test_table_participant_mean_primary,disc,Morphology,vein_tortuosity_median_branch,param35_continuous_pwv,-0.030165032749892216,-0.05243938541590768,-0.0071519788660396886,0.01221078071015797,6901,2000,2000,0,20260832,0.019393592892603836,True
final_test_table_participant_mean_primary,disc,Morphology,artery_branch_count,param35_continuous_pwv,-0.07984639654149767,-0.10351903980401063,-0.0556477332032415,3.045553139144121e-11,6905,2000,2000,0,20260833,2.0557483689222818e-10,True
final_test_table_participant_mean_primary,disc,Morphology,vein_branch_count,param35_continuous_pwv,-0.008481963783471254,-0.03320250950609487,0.0153717771099794,0.4809937576865426,6905,2000,2000,0,20260834,0.5194732583014661,False
final_test_table_participant_mean_primary,full,Diameter / Calibre,artery_width_median_px,param35_continuous_pwv,-0.00879030262012636,-0.03156043760278805,0.014485021910987337,0.4650307111492187,6910,2000,2000,0,20260835,0.5194732583014661,False
final_test_table_participant_mean_primary,full,Diameter / Calibre,vein_width_median_px,param35_continuous_pwv,0.02795374390832834,0.005461543951104922,0.05100964777921236,0.020113031137472717,6913,2000,2000,0,20260836,0.030169546706209076,True
final_test_table_participant_mean_primary,full,Diameter / Calibre,AVR,param35_continuous_pwv,-0.021682736405402924,-0.04478204269796883,0.0012182410945342018,0.07149919063694676,6910,2000,2000,0,20260837,0.09652390735987812,False
final_test_table_participant_mean_primary,full,Central Light Reflex,artery_clr,param35_continuous_pwv,0.041869143190137084,0.0177474898871565,0.06621182519895909,0.0004989333361129004,6910,2000,2000,0,20260838,0.0012246545522771194,True
final_test_table_participant_mean_primary,full,Central Light Reflex,vein_clr,param35_continuous_pwv,0.030876859975641522,0.0072706277782449875,0.05506202627804259,0.010246803918144613,6913,2000,2000,0,20260839,0.019393592892603836,True
final_test_table_participant_mean_primary,full,Morphology,artery_tortuosity_median_branch,param35_continuous_pwv,0.003790022075053906,-0.02026984032054819,0.02763540801809467,0.7527654026524434,6910,2000,2000,0,20260840,0.7527654026524435,False
final_test_table_participant_mean_primary,full,Morphology,vein_tortuosity_median_branch,param35_continuous_pwv,0.05463186977317792,0.02977845071923647,0.07739075930235413,5.495880266171859e-06,6913,2000,2000,0,20260841,2.1198395312377172e-05,True
final_test_table_participant_mean_primary,full,Morphology,artery_branch_count,param35_continuous_pwv,-0.3224051153827657,-0.34506079226200886,-0.3001407567281271,5.8285154152756694e-167,6913,2000,2000,0,20260842,1.5736991621244307e-165,True
final_test_table_participant_mean_primary,full,Morphology,vein_branch_count,param35_continuous_pwv,-0.23397047509426872,-0.25729989218029153,-0.21139952884063037,1.3362829495614277e-86,6913,2000,2000,0,20260843,1.8039819819079275e-85,True
final_test_table_participant_mean_primary,macula_dd2,Diameter / Calibre,artery_width_median_px,param35_continuous_pwv,0.03401522622773188,0.008115747610507621,0.06000026722521982,0.011604763797145553,5505,2000,2000,0,20260844,0.019393592892603836,True
final_test_table_participant_mean_primary,macula_dd2,Diameter / Calibre,vein_width_median_px,param35_continuous_pwv,0.012714617347442446,-0.012906828407792838,0.03678496482914665,0.31616951144451394,6217,2000,2000,0,20260845,0.37115551343486425,False
final_test_table_participant_mean_primary,macula_dd2,Diameter / Calibre,AVR,param35_continuous_pwv,0.021200111337066684,-0.006382755961917042,0.04814957086143801,0.1265546034392968,5195,2000,2000,0,20260846,0.1627130615648102,False
final_test_table_participant_mean_primary,macula_dd2,Central Light Reflex,artery_clr,param35_continuous_pwv,0.05794147247174031,0.03205701469785709,0.08388906883282884,1.695347076874348e-05,5505,2000,2000,0,20260847,5.721796384450924e-05,True
final_test_table_participant_mean_primary,macula_dd2,Central Light Reflex,vein_clr,param35_continuous_pwv,0.03224272849135126,0.00817641573124202,0.057442554588071425,0.011008685942906672,6217,2000,2000,0,20260848,0.019393592892603836,True
final_test_table_participant_mean_primary,macula_dd2,Morphology,artery_tortuosity_median_branch,param35_continuous_pwv,-0.03864350339210684,-0.0648061754237521,-0.012796985562647658,0.0041427823152317324,5503,2000,2000,0,20260849,0.009321260209271398,True
final_test_table_participant_mean_primary,macula_dd2,Morphology,vein_tortuosity_median_branch,param35_continuous_pwv,0.007254474607628426,-0.01775805063084043,0.03218152780438708,0.5674880091592813,6214,2000,2000,0,20260850,0.589314471050023,False
final_test_table_participant_mean_primary,macula_dd2,Morphology,artery_branch_count,param35_continuous_pwv,-0.1186220173659722,-0.14189945273778878,-0.09546807276760172,2.99474187484256e-22,6643,2000,2000,0,20260851,2.6952676873583043e-21,True
final_test_table_participant_mean_primary,macula_dd2,Morphology,vein_branch_count,param35_continuous_pwv,-0.0433026640677039,-0.06685121710342375,-0.01963100781379144,0.0004149975922831021,6643,2000,2000,0,20260852,0.0011204934991643756,True
