analysis_status,analysis_unit,roi,group,feature,score,spearman_r,ci_lower_participant_bootstrap_95,ci_upper_participant_bootstrap_95,p_value_raw,n,bootstrap_resamples_requested,bootstrap_resamples_accepted,bootstrap_resamples_rejected,bootstrap_seed_for_test,p_fdr_bh_all_27,significant_fdr_0_05,numeric_underflow_display
exploratory_pairwise_association,internal_test_participant_mean_available_eyes,disc,Diameter / Calibre,artery_width_median_px,paper_image_only_probability,0.022423730009654603,-0.0022166396568702317,0.0465856527974446,0.06256341317783026,6898,2000,2000,0,20260826,0.08043867408578176,False,
exploratory_pairwise_association,internal_test_participant_mean_available_eyes,disc,Diameter / Calibre,vein_width_median_px,paper_image_only_probability,-0.02288174402967073,-0.044800483004351105,0.0007620762264370769,0.057335730615682534,6901,2000,2000,0,20260827,0.07740323633117142,False,
exploratory_pairwise_association,internal_test_participant_mean_available_eyes,disc,Diameter / Calibre,AVR,paper_image_only_probability,0.03144998169874035,0.009997943010017442,0.05611901006085085,0.009005456100282206,6896,2000,2000,0,20260828,0.01350818415042331,True,
exploratory_pairwise_association,internal_test_participant_mean_available_eyes,disc,Central Light Reflex,artery_clr,paper_image_only_probability,0.04404264365708466,0.02090830021514908,0.06749168082622024,0.0002531627964076443,6898,2000,2000,0,20260829,0.00045171926154165867,True,
exploratory_pairwise_association,internal_test_participant_mean_available_eyes,disc,Central Light Reflex,vein_clr,paper_image_only_probability,0.08665524091913837,0.06353668414247171,0.10906462377005006,5.557945561733615e-13,6901,2000,2000,0,20260830,2.1437790023829654e-12,True,
exploratory_pairwise_association,internal_test_participant_mean_available_eyes,disc,Morphology,artery_tortuosity_median_branch,paper_image_only_probability,0.017648790158325336,-0.005542165160815374,0.04059612879572751,0.14277137074698826,6897,2000,2000,0,20260831,0.17521940955312196,False,
exploratory_pairwise_association,internal_test_participant_mean_available_eyes,disc,Morphology,vein_tortuosity_median_branch,paper_image_only_probability,-0.00017270117824333368,-0.024019584116732624,0.02329817563116133,0.9885554740700926,6901,2000,2000,0,20260832,0.9885554740700926,False,
exploratory_pairwise_association,internal_test_participant_mean_available_eyes,disc,Morphology,artery_branch_count,paper_image_only_probability,-0.12050385278865834,-0.1420336558449925,-0.09644890950462595,9.351395802614917e-24,6905,2000,2000,0,20260833,5.049753733412055e-23,True,
exploratory_pairwise_association,internal_test_participant_mean_available_eyes,disc,Morphology,vein_branch_count,paper_image_only_probability,-0.03042488084787514,-0.05449809064576901,-0.0074899908762433515,0.01146087018680651,6905,2000,2000,0,20260834,0.016286499739146094,True,
exploratory_pairwise_association,internal_test_participant_mean_available_eyes,full,Diameter / Calibre,artery_width_median_px,paper_image_only_probability,-0.0424465132341448,-0.06535877009547697,-0.019873613226338484,0.0004165369247614907,6910,2000,2000,0,20260835,0.0006615586452094264,True,
exploratory_pairwise_association,internal_test_participant_mean_available_eyes,full,Diameter / Calibre,vein_width_median_px,paper_image_only_probability,0.06631853696560812,0.04494933275378543,0.08924261479585567,3.4074479376387635e-08,6913,2000,2000,0,20260836,9.200109431624662e-08,True,
exploratory_pairwise_association,internal_test_participant_mean_available_eyes,full,Diameter / Calibre,AVR,paper_image_only_probability,-0.07293523733651612,-0.09513564577195939,-0.05011041636574338,1.2804378154551634e-09,6910,2000,2000,0,20260837,3.84131344636549e-09,True,
exploratory_pairwise_association,internal_test_participant_mean_available_eyes,full,Central Light Reflex,artery_clr,paper_image_only_probability,0.07382518605137325,0.05072945703298579,0.09720260673360095,8.041945445674162e-10,6910,2000,2000,0,20260838,2.7141565879150296e-09,True,
exploratory_pairwise_association,internal_test_participant_mean_available_eyes,full,Central Light Reflex,vein_clr,paper_image_only_probability,0.04709521381628492,0.02369506206194124,0.07076840630592064,8.959414328290858e-05,6913,2000,2000,0,20260839,0.00017278870490275224,True,
exploratory_pairwise_association,internal_test_participant_mean_available_eyes,full,Morphology,artery_tortuosity_median_branch,paper_image_only_probability,0.014253323686305183,-0.010169063875318775,0.03698301549733123,0.2361465844039482,6910,2000,2000,0,20260840,0.2656649074544417,False,
exploratory_pairwise_association,internal_test_participant_mean_available_eyes,full,Morphology,vein_tortuosity_median_branch,paper_image_only_probability,0.12385759581388689,0.10092296330176038,0.1478790425489829,4.841844000717167e-25,6913,2000,2000,0,20260841,3.2682447004840878e-24,True,
exploratory_pairwise_association,internal_test_participant_mean_available_eyes,full,Morphology,artery_branch_count,paper_image_only_probability,-0.45317458235209845,-0.4724639296483818,-0.43355380422693635,<1e-300,6913,2000,2000,0,20260842,<1e-300,True,P<1e-300; q<1e-300
exploratory_pairwise_association,internal_test_participant_mean_available_eyes,full,Morphology,vein_branch_count,paper_image_only_probability,-0.3801236338534607,-0.40150879914989873,-0.3588160916401926,1.5800877705353572e-236,6913,2000,2000,0,20260843,2.1331184902227323e-235,True,
exploratory_pairwise_association,internal_test_participant_mean_available_eyes,macula_dd2,Diameter / Calibre,artery_width_median_px,paper_image_only_probability,0.01687838092759477,-0.008426068321946452,0.04252772654677793,0.21053056032793405,5505,2000,2000,0,20260844,0.24714457081974867,False,
exploratory_pairwise_association,internal_test_participant_mean_available_eyes,macula_dd2,Diameter / Calibre,vein_width_median_px,paper_image_only_probability,0.050423148629576225,0.02411649862793548,0.07628540055490324,6.9645729892412e-05,6217,2000,2000,0,20260845,0.00014464882362270185,True,
exploratory_pairwise_association,internal_test_participant_mean_available_eyes,macula_dd2,Diameter / Calibre,AVR,paper_image_only_probability,-0.009645618512946296,-0.03685054863111581,0.017002065166770438,0.4870115418623583,5195,2000,2000,0,20260846,0.5259724652113469,False,
exploratory_pairwise_association,internal_test_participant_mean_available_eyes,macula_dd2,Central Light Reflex,artery_clr,paper_image_only_probability,0.10291670181414093,0.07637659916048262,0.12987376823757837,1.9395461135530912e-14,5505,2000,2000,0,20260847,8.727957510988911e-14,True,
exploratory_pairwise_association,internal_test_participant_mean_available_eyes,macula_dd2,Central Light Reflex,vein_clr,paper_image_only_probability,0.04620923196406715,0.022420999353694918,0.07066142980559915,0.0002676854883209829,6217,2000,2000,0,20260848,0.00045171926154165867,True,
exploratory_pairwise_association,internal_test_participant_mean_available_eyes,macula_dd2,Morphology,artery_tortuosity_median_branch,paper_image_only_probability,-0.05726974360922949,-0.08250254986410328,-0.030099056806158368,2.1289432147111565e-05,5503,2000,2000,0,20260849,4.7901222331001016e-05,True,
exploratory_pairwise_association,internal_test_participant_mean_available_eyes,macula_dd2,Morphology,vein_tortuosity_median_branch,paper_image_only_probability,0.00591932152268255,-0.01870861301323546,0.03123492991105234,0.6408404807356523,6214,2000,2000,0,20260850,0.6654881915331773,False,
exploratory_pairwise_association,internal_test_participant_mean_available_eyes,macula_dd2,Morphology,artery_branch_count,paper_image_only_probability,-0.1765557118451158,-0.19801883716003008,-0.15371888613883,1.1861605899433403e-47,6643,2000,2000,0,20260851,1.0675445309490062e-46,True,
exploratory_pairwise_association,internal_test_participant_mean_available_eyes,macula_dd2,Morphology,vein_branch_count,paper_image_only_probability,-0.05498758211914821,-0.07864650372053286,-0.03255160696710455,7.3157008807633985e-06,6643,2000,2000,0,20260852,1.795672034369198e-05,True,
