item,title,code,results,models,scope
Figure 1,Image and clinical-factor ROC curves,analysis_code/figures/study_plots.py; analysis_code/statistics/analyze_predictions.py; scripts/run_clinical_models.py,results/publication_figures/Figure_1.png; results/figure_source_data/figure1_auc_metrics.csv,models/public_release/paper_main_tinynet_c/tinynet_c_epoch0014_network_state_dict.safetensors; models/public_release/paper_main_tinynet_c/tinynet_c_epoch0019_network_state_dict.safetensors; models/public_release/fusion_lr_20mi/fusion_lr_20mi_coefficients.json,AUROC source table is included. Exact ROC curves use authorized participant predictions; rendering accepts ROC coordinates.
Figure 2,Fusion-model SHAP importance and participant distribution,analysis_code/shap/run_shap_20mi.py; analysis_code/figures/render_figures.py,results/publication_figures/Figure_2.png; results/shap_20mi/shap_feature_importance_20mi.csv; results/shap_20mi/shap_mean_abs_per_imputation.csv,models/public_release/fusion_lr_20mi/fusion_lr_20mi_coefficients.json,Panel A uses the aggregate 20-imputation importance table. Panel B uses signed SHAP values and features from representative imputation 9 in the authorized environment.
Figure 3,"Performance across age, sex, HbA1c, and ethnicity groups",analysis_code/statistics/subgroup_analysis.R; analysis_code/statistics/prepare_subgroups.py; analysis_code/statistics/analyze_predictions.py; analysis_code/statistics/metrics.py,results/publication_figures/Figure_3.png; results/publication_tables/Table_S3.csv; results/figure_source_data/figure3_subgroup_metrics.csv; results/figure_source_data/figure3_unpaired_delong.csv,models/public_release/fusion_lr_20mi/fusion_lr_20mi_coefficients.json,"Reported subgroup estimates and independent-sample DeLong comparisons are included. HbA1c groups use cohort-specific mean completion before the 7% split; internal groups contain 1,255 and 6,076 participants. Analysis commands use authorized participant predictions."
Figure 4,Retinal-structure retention and removal,preprocessing_code/retinal_ablation/prepare_images.py; scripts/run_image_model.py; analysis_code/figures/render_figures.py,results/publication_figures/Figure_4.png; results/figure_source_data/figure4_occlusion_metrics.csv,models/public_release/paper_main_tinynet_c/tinynet_c_epoch0014_network_state_dict.safetensors; models/public_release/paper_main_tinynet_c/tinynet_c_epoch0019_network_state_dict.safetensors,The released image checkpoints provide the full-image reference. Structure-specific runs use their own validation-selected checkpoints. See the 0–24 index map in docs/ABLATION.md.
Figure 5,Adjusted associations of retinal-structure scores,analysis_code/retinal_structure/run_analysis.R; analysis_code/figures/plot_figure5.py,results/publication_figures/Figure_5.png; results/figure5/figure5_associations.csv; results/figure_source_data/figure5_forest_source_data.csv,,"The 45 aggregate rows supply the forest plot. Score effects are per sample SD, with likelihood-profile confidence intervals. Participant-level regression requires authorized scores and clinical tables."
Figure 6,Study design,analysis_code/figures/study_plots.py,results/publication_figures/Figure_6.png; results/publication_tables/Table_3.csv,,Study diagram; no fitted model is required.
Table 1,Cohort characteristics,analysis_code/statistics/cohort_summaries.py,results/publication_tables/Table_1.csv,,"Displayed clinical summaries and P values are supplied. The helper module provides descriptive, missingness, comparison, and standardized-difference calculations."
Table 2,Clinical models and image–clinical fusion,scripts/run_clinical_models.py; analysis_code/statistics/model_comparisons.py; analysis_code/statistics/analyze_predictions.py,results/publication_tables/Table_2.csv,models/public_release/paper_main_tinynet_c/tinynet_c_epoch0014_network_state_dict.safetensors; models/public_release/paper_main_tinynet_c/tinynet_c_epoch0019_network_state_dict.safetensors; models/public_release/fusion_lr_20mi/fusion_lr_20mi_coefficients.json,"The CSV preserves the manuscript values, confidence intervals, and calibration estimates. Statistical functions accept aligned participant outcomes and predictions."
Table 3,Implementation details,main_cls_code_dl/conf/config.yaml; main_cls_code_dl/network/generic_bi_stream_img_only.py; main_cls_code_metric_and_fusion/main_basic.py,results/publication_tables/Table_3.csv,models/public_release/paper_main_tinynet_c/tinynet_c_epoch0014_network_state_dict.safetensors; models/public_release/paper_main_tinynet_c/tinynet_c_epoch0019_network_state_dict.safetensors; models/public_release/fusion_lr_20mi/fusion_lr_20mi_coefficients.json,Implementation summary; see docs/TRAINING_AND_TESTING.md for commands.
Table S1,Imputation sensitivity,scripts/run_clinical_models.py; preprocessing_code/image_and_table/ignore_test_value_multiple_imputation_refactored.R,results/publication_tables/Table_S1.csv,models/public_release/fusion_lr_20mi/fusion_lr_20mi_coefficients.json,Run each prepared imputation scheme with the same clinical/fusion workflow.
Table S2,Classifier comparison,scripts/run_clinical_models.py,results/publication_tables/Table_S2.csv,models/public_release/fusion_lr_20mi/fusion_lr_20mi_coefficients.json,"The command selects lr, lda, lsvm, rbfsvm, rf, or gbc. Validation AUROC selects hyperparameters."
Table S3,Subgroup performance,analysis_code/statistics/subgroup_analysis.R; analysis_code/statistics/prepare_subgroups.py; analysis_code/statistics/analyze_predictions.py; analysis_code/statistics/metrics.py,results/publication_tables/Table_S3.csv; results/figure_source_data/figure3_subgroup_metrics.csv; results/figure_source_data/figure3_unpaired_delong.csv,models/public_release/fusion_lr_20mi/fusion_lr_20mi_coefficients.json,"Reported subgroup estimates and independent-sample DeLong comparisons are included. HbA1c groups use cohort-specific mean completion before the 7% split; internal groups contain 1,255 and 6,076 participants. Analysis commands use authorized participant predictions."
Table S4,Clinical variable definitions,main_cls_code_metric_and_fusion/config.example.yaml,results/publication_tables/Table_S4.csv,models/public_release/fusion_lr_20mi/fusion_lr_20mi_coefficients.json,Definition table and fusion-model input contract.
Table S5,Missingness and imputed characteristics,analysis_code/statistics/cohort_summaries.py; preprocessing_code/image_and_table/ignore_test_value_multiple_imputation_refactored.R,results/publication_tables/Table_S5.csv,,Displayed before/after-imputation summaries are supplied; clinical-table processing uses authorized data.
Table S6,Segmentation and localization model characteristics,preprocessing_code/retinal_ablation/masking.py,results/publication_tables/Table_S6.csv,,Reported upstream model characteristics are supplied as a table. The linked code consumes their prepared masks for retinal-structure experiments; it is not a segmentation-model training script.
Table S7,Backbone comparison,scripts/run_image_model.py; experiments/architecture_comparison/run_top5.py; experiments/architecture_comparison/compare_top5.py,results/publication_tables/Table_S7.csv; results/architecture_comparison/backbone_sensitivity.csv; results/architecture_comparison/deit_controlled_top5_comparison.csv,models/public_release/paper_main_tinynet_c/tinynet_c_epoch0014_network_state_dict.safetensors; models/public_release/paper_main_tinynet_c/tinynet_c_epoch0019_network_state_dict.safetensors,Four architecture-specific comparisons and the matched seed-0 TinyNet-C/DeiT-Tiny comparison are supplied.
Table S8,Computational efficiency,experiments/architecture_comparison/run_top5.py,results/publication_tables/Table_S8.csv; results/architecture_comparison/efficiency_same_backend.csv,models/public_release/paper_main_tinynet_c/tinynet_c_epoch0014_network_state_dict.safetensors; models/public_release/paper_main_tinynet_c/tinynet_c_epoch0019_network_state_dict.safetensors,Parameter counts and two-eye computational cost use the same ptflops backend.
Table S9,Bilateral and single-eye comparison,scripts/run_image_model.py; main_cls_code_dl_ablation_single_stream/network/generic_bi_stream_img_only.py,results/publication_tables/Table_S9.csv; results/architecture_comparison/stream_sensitivity.csv,models/public_release/paper_main_tinynet_c/tinynet_c_epoch0014_network_state_dict.safetensors; models/public_release/paper_main_tinynet_c/tinynet_c_epoch0019_network_state_dict.safetensors,"Left-eye, right-eye, averaged single-eye scores, and the bilateral model are separate comparisons."
Table S10,Incremental discrimination of structure scores,analysis_code/retinal_structure/run_analysis.R; analysis_code/statistics/model_comparisons.py,results/publication_tables/Table_S10.csv,,"The retinal-structure runner with --discrimination calculates the exploratory AUC, paired DeLong, and likelihood-ratio comparisons against the clinical-covariate-only model. Reported estimates are supplied as CSV."
Table S11,Vessel features and measured PWV,analysis_code/statistics/vessel_pipeline.py; analysis_code/statistics/run_vessel_correlations.py,results/publication_tables/Table_S11.csv; results/vessel_pairwise_associations/manual_vessel_features_vs_pwv.csv,,"27 available-pair participant-mean associations with PWV, with bootstrap intervals and BH correction."
Table S12,Vessel features and image-model score,analysis_code/statistics/vessel_pipeline.py; analysis_code/statistics/run_vessel_correlations.py,results/publication_tables/Table_S12.csv; results/vessel_pairwise_associations/manual_vessel_features_vs_paper_score.csv,,"The same 27-measurement family, using the image probability as target."
Table S13,Frozen-feature vessel probes,analysis_code/frozen_representation/run_analysis.py,results/publication_tables/Table_S13.csv; results/frozen_representation/frozen_probe_long.csv; results/frozen_representation/frozen_probe_wide.csv,models/public_release/paper_main_tinynet_c/tinynet_c_epoch0014_network_state_dict.safetensors; models/public_release/paper_main_tinynet_c/tinynet_c_epoch0019_network_state_dict.safetensors,"81 probe results from 27 targets and three predictor sets, with a common 5,187-participant cohort."
Table S14,Included and excluded cohort characteristics,analysis_code/statistics/cohort_summaries.py,results/publication_tables/Table_S14.csv,,Displayed characteristics and standardized mean differences are supplied.
Table S15,PWV device distribution,analysis_code/statistics/cohort_summaries.py,results/publication_tables/Table_S15.csv,,Aggregate device counts; identifiers and device assignments remain in authorized inputs.
Table S16,Device-specific model performance,analysis_code/statistics/analyze_predictions.py,results/publication_tables/Table_S16.csv,models/public_release/paper_main_tinynet_c/tinynet_c_epoch0014_network_state_dict.safetensors; models/public_release/paper_main_tinynet_c/tinynet_c_epoch0019_network_state_dict.safetensors,Two-device comparison using the supplied subgroup membership.
Table S17,Participating-center group comparison,analysis_code/statistics/analyze_predictions.py,results/publication_tables/Table_S17.csv,models/public_release/paper_main_tinynet_c/tinynet_c_epoch0014_network_state_dict.safetensors; models/public_release/paper_main_tinynet_c/tinynet_c_epoch0019_network_state_dict.safetensors,Reported A/B comparison among participating centers; use the corresponding site-provided group assignments for recalculation.
Table S18,Screening-cost assumptions,src/pwv_repro/public_aggregate_validation.py,results/publication_tables/Table_S18.csv; results/clinical_utility/screening_costs.json,,Nominal 2014 CNY and the specified incremental-imaging-cost assumptions.
Table S19,Screening operating points,src/pwv_repro/public_aggregate_validation.py; analysis_code/statistics/model_comparisons.py,results/publication_tables/Table_S19.csv; results/clinical_utility/screening_costs.json,,Retrospectively selected operating points; confusion counts and three-decimal thresholds are supplied.
Table S20,Direct screening costs,scripts/verify_public_aggregates.py,results/publication_tables/Table_S20.csv; results/clinical_utility/screening_costs.json,,Per-participant costs can be recalculated directly from the aggregate confusion counts.
Figure S1,Cohort flow,analysis_code/figures/study_plots.py,results/publication_figures/Figure_S1.png,,Aggregate cohort-flow diagram.
Figure S2,Study sites and participant distribution,,results/publication_figures/Figure_S2.tiff,,The submitted aggregate map and participant-distribution visual are included; site plotting inputs are supplied through the corresponding author.
Figure S3,Decision curves and calibration,analysis_code/statistics/clinical_utility.py,results/publication_figures/Figure_S3.tiff; results/clinical_utility/net_benefit.json; results/figure_source_data/figure_s3_net_benefit_at_20_percent.csv,models/public_release/fusion_lr_20mi/fusion_lr_20mi_coefficients.json,"The submitted visual uses adaptive Hosmer–Lemeshow grouping with g=431, df=429, P=0.193. The utility file supplies the net-benefit point at 0.20. Full curves use authorized predictions."
Figure S4,Image and fusion architecture,src/pwv_repro/public_models.py; analysis_code/figures/study_plots.py,results/publication_figures/Figure_S4.png,models/public_release/paper_main_tinynet_c/tinynet_c_epoch0014_network_state_dict.safetensors; models/public_release/paper_main_tinynet_c/tinynet_c_epoch0019_network_state_dict.safetensors; models/public_release/fusion_lr_20mi/fusion_lr_20mi_coefficients.json,Architecture diagram and selected model assets.
Figure S5,Nonlinear associations with metabolic markers,,results/publication_figures/Figure_S5_part1.tiff; results/publication_figures/Figure_S5_part2.tiff,,"The submitted metabolic-marker curves are supplied. Curve-specific analysis inputs are managed by the corresponding author; these curves have metabolic outcomes, distinct from the AS-outcome analysis in Figure 5."
Figure S6,Integrated Gradients attribution,analysis_code/attribution/integrated_gradients.py,,models/public_release/paper_main_tinynet_c/tinynet_c_epoch0014_network_state_dict.safetensors; models/public_release/paper_main_tinynet_c/tinynet_c_epoch0019_network_state_dict.safetensors,The article supplies the two-eye illustration. Code defines mean-image and blurred-image baselines. Run attribution with authorized retinal images and their matching image model.
Figure S7,Screening-cost scenarios,analysis_code/figures/render_figures.py; src/pwv_repro/public_aggregate_validation.py,results/publication_figures/Figure_S7.png; results/clinical_utility/screening_costs.json,,Render from aggregate counts and cost assumptions; no model fitting is required.
Figure S8,Proposed screening pathway,analysis_code/figures/study_plots.py,results/publication_figures/Figure_S8.png,,Proposed workflow diagram; no fitted model is required.
