score,model,n,events,estimate,std_error,statistic,p_value,conf_low_log,conf_high_log,odds_ratio,ci_lower,ci_upper,q_value
retain_vessel,model0,7331,5158,1.0416495,0.02995584,34.77283,6.263858e-265,0.9833486,1.100788,2.833888,2.673393,3.006534,1.342255e-264
retain_vessel,model1,7331,5158,0.6542437,0.03715169,17.610067,2.062015e-69,0.5816666,0.7273222,1.923687,1.789018,2.069531,5.155038e-69
retain_vessel,model2,7331,5158,0.4775177,0.04069295,11.734654,8.467161e-32,0.39789697,0.5574355,1.612068,1.488691,1.746189,1.814392e-31
retain_artery,model0,7331,5158,1.0009551,0.02988253,33.49632,5.451882e-246,0.9427926,1.0599448,2.720879,2.56714,2.886212,8.177823e-246
retain_artery,model1,7331,5158,0.5917463,0.03708864,15.954918,2.633177e-57,0.5192471,0.6646559,1.807141,1.680762,1.943822,4.388628e-57
retain_artery,model2,7331,5158,0.4068443,0.04068407,10.000088,1.522613e-23,0.32718941,0.4866932,1.50207,1.387064,1.626927,2.28392e-23
retain_vein,model0,7331,5158,0.9230861,0.0291978,31.61492,2.302577e-219,0.866227,0.9806944,2.517046,2.377922,2.666307,2.878221e-219
retain_vein,model1,7331,5158,0.4054474,0.03970204,10.212257,1.74752e-24,0.3277033,0.4833584,1.499973,1.387777,1.621511,2.1844e-24
retain_vein,model2,7331,5158,0.3622965,0.04409726,8.21585,2.106675e-16,0.27593998,0.4488253,1.436625,1.317769,1.566471,2.633344e-16
retain_disc,model0,7331,5158,0.7937653,0.02807857,28.26944,8.212155e-176,0.7390242,0.8491053,2.211709,2.093891,2.337555,8.798738e-176
retain_disc,model1,7331,5158,0.2803077,0.03608317,7.768377,7.949843e-15,0.2095404,0.3510048,1.323537,1.233111,1.420494,9.172896e-15
retain_disc,model2,7331,5158,0.2769698,0.04012124,6.903321,5.080062e-12,0.19830342,0.3556006,1.319127,1.219332,1.427037,5.86161e-12
retain_macular_1dd,model0,7331,5158,0.7373014,0.02742873,26.88062,3.700961e-159,0.6838227,0.7913551,2.090287,1.981438,2.206384,3.700961e-159
retain_macular_1dd,model1,7331,5158,0.1911022,0.03562115,5.364853,8.101536e-08,0.1212402,0.2608934,1.210583,1.128896,1.298089,8.101536e-08
retain_macular_1dd,model2,7331,5158,0.1758782,0.03926542,4.479214,7.491853e-06,0.09888439,0.2528264,1.192293,1.103939,1.28766,7.491853e-06
retain_macular_2dd,model0,7331,5158,0.8468919,0.0282622,29.96554,2.761011e-197,0.7918249,0.902627,2.332386,2.207421,2.466073,3.185782e-197
retain_macular_2dd,model1,7331,5158,0.2846487,0.03881325,7.333801,2.237144e-13,0.2085967,0.3607643,1.329295,1.231948,1.434425,2.39694e-13
retain_macular_2dd,model2,7331,5158,0.2278484,0.04269867,5.336195,9.491741e-08,0.14416132,0.3115624,1.255895,1.15507,1.365557,1.016972e-07
retain_all_with_macular_2dd,model0,7331,5158,1.0252142,0.0295719,34.66853,2.3491e-263,0.9676299,1.0835632,2.787692,2.6317,2.955191,4.404563e-263
retain_all_with_macular_2dd,model1,7331,5158,0.6188727,0.03786586,16.343817,4.814273e-60,0.5448642,0.6933186,1.856834,1.724374,2.000343,9.026762e-60
retain_all_with_macular_2dd,model2,7331,5158,0.4482903,0.04154829,10.789621,3.853772e-27,0.36697497,0.5298674,1.565633,1.443362,1.698707,7.225822e-27
remove_vessel_inpaint_biharmonic,model0,7331,5158,1.0214094,0.02994586,34.10853,5.512262e-255,0.9631213,1.0805216,2.777106,2.619861,2.946216,9.187103e-255
remove_vessel_inpaint_biharmonic,model1,7331,5158,0.5712157,0.04180441,13.664005,1.665646e-42,0.4895012,0.6534014,1.770418,1.631502,1.922067,2.498469e-42
remove_vessel_inpaint_biharmonic,model2,7331,5158,0.4641834,0.04625988,10.034254,1.077711e-23,0.37366878,0.5550354,1.590715,1.453056,1.742003,1.796185e-23
remove_artery_inpaint_biharmonic,model0,7331,5158,1.0720157,0.03048703,35.16301,7.355002e-271,1.0127058,1.1322284,2.921262,2.75304,3.102563,1.838751e-270
remove_artery_inpaint_biharmonic,model1,7331,5158,0.6798067,0.04026226,16.884465,5.854491e-64,0.6011723,0.7590258,1.973496,1.824256,2.136194,1.254534e-63
remove_artery_inpaint_biharmonic,model2,7331,5158,0.5206141,0.04424301,11.767149,5.764e-32,0.4340635,0.6075223,1.683061,1.543517,1.835877,1.441e-31
remove_vein_inpaint_biharmonic,model0,7331,5158,1.0918305,0.03049215,35.80694,8.614027e-281,1.0325158,1.1520585,2.979724,2.808122,3.164701,4.307013e-280
remove_vein_inpaint_biharmonic,model1,7331,5158,0.7239923,0.03993868,18.127596,1.930134e-73,0.6460127,0.8025978,2.062652,1.907918,2.23133,2.895201e-72
remove_vein_inpaint_biharmonic,model2,7331,5158,0.5499382,0.04370994,12.581535,2.667934e-36,0.46443815,0.635807,1.733146,1.59112,1.888546,4.001902e-35
remove_disc_inpaint_biharmonic,model0,7331,5158,1.0748521,0.0299275,35.9152,1.768894e-282,1.0166067,1.1339351,2.92956,2.763801,3.107862,1.32667e-281
remove_disc_inpaint_biharmonic,model1,7331,5158,0.7049688,0.03915544,18.004366,1.800499e-72,0.6284875,0.7820002,2.023784,1.874773,2.18584,1.111245e-71
remove_disc_inpaint_biharmonic,model2,7331,5158,0.5222892,0.04287795,12.180834,3.9324e-34,0.43839142,0.6064975,1.685883,1.550212,1.833997,1.477961e-33
remove_macular_1dd_inpaint_biharmonic,model0,7331,5158,1.076706,0.03019867,35.65409,2.036564e-278,1.0179602,1.1363527,2.934996,2.767544,3.115385,6.109691e-278
remove_macular_1dd_inpaint_biharmonic,model1,7331,5158,0.7045791,0.03978583,17.709297,3.554861e-70,0.6268925,0.7828782,2.022995,1.871785,2.18776,1.066458e-69
remove_macular_1dd_inpaint_biharmonic,model2,7331,5158,0.5325459,0.04356553,12.224019,2.313569e-34,0.44731999,0.6181229,1.703263,1.564115,1.855442,1.477961e-33
remove_macular_2dd_inpaint_biharmonic,model0,7331,5158,1.0858504,0.0304374,35.67488,9.697441e-279,1.0266303,1.145958,2.961958,2.791643,3.145453,3.63654e-278
remove_macular_2dd_inpaint_biharmonic,model1,7331,5158,0.7122457,0.0396704,17.954086,4.45864e-72,0.6347828,0.7903148,2.038564,1.886612,2.20409,1.67199e-71
remove_macular_2dd_inpaint_biharmonic,model2,7331,5158,0.5283882,0.04344426,12.162439,4.926536e-34,0.443409,0.6137365,1.696196,1.558009,1.847321,1.477961e-33
remove_all_with_macular_2dd_inpaint_biharmonic,model0,7331,5158,0.9989642,0.02998879,33.31125,2.653347e-243,0.9406002,1.0581693,2.715468,2.561518,2.881092,3.618201e-243
remove_all_with_macular_2dd_inpaint_biharmonic,model1,7331,5158,0.5339726,0.04076167,13.09987,3.29822e-39,0.4542755,0.614087,1.705695,1.575032,1.847969,4.497572e-39
remove_all_with_macular_2dd_inpaint_biharmonic,model2,7331,5158,0.4229775,0.04517543,9.363,7.750432e-21,0.33455564,0.5116695,1.5265,1.397319,1.668074,1.056877e-20
full_image,model0,7331,5158,1.0803791,0.03007505,35.92277,1.3475e-282,1.0218496,1.1397564,2.945796,2.778329,3.126007,1.32667e-281
full_image,model1,7331,5158,0.7111772,0.03952587,17.992703,2.22249e-72,0.6339646,0.7889302,2.036387,1.885069,2.20104,1.111245e-71
full_image,model2,7331,5158,0.5284097,0.04339404,12.177012,4.121052e-34,0.44349331,0.6136232,1.696233,1.558141,1.847112,1.477961e-33
