feature_column,feature_name,pooled_mean_abs_shap,between_imputation_sd,min_mean_abs_shap,max_mean_abs_shap,rank_20mi
param4,Systolic BP,0.5547859936401627,0.00960153307866718,0.5432210541201188,0.577426189698373,1
param2,Age,0.5419902811556819,0.021768435722068002,0.4898664677452862,0.5525842249087606,2
img_score,Image-predicted AS score,0.3906258885995529,0.05153873611501276,0.368423199213878,0.5104513071603325,3
param5,Heart rate,0.23308061955423076,0.006019115499294885,0.2273640262966505,0.25014106208129266,4
param7,Diabetes duration,0.15367754276326034,0.0072403532748364086,0.1407447456930621,0.16520924596705477,5
param3,Diastolic BP,0.14553825006959964,0.00733032148599237,0.12716261252452019,0.15185146579218486,6
param8,Hypertension,0.13543602216331263,0.005542321607717527,0.12515761033839687,0.1457746408299096,7
param6,BMI,0.08804369020048132,0.0036558436255079707,0.08395170780832975,0.09763500354143878,8
param1,Sex,0.02585955272086534,0.006604905843246693,0.020217646075218653,0.043452927413488246,9
param9,Hyperlipidemia,0.011215630386804953,0.004815835642288268,0.000625713952162552,0.022964227955922942,10
param10,Cardiovascular disease,0.007295331481230615,0.0036456549809640777,0.0021579461163689297,0.017832508725438435,11
param12,Drinking status,0.0059375125051431945,0.001534355426370857,0.0038736256280845647,0.008924917168475141,12
param11,Smoking status,0.003048975992744017,0.002286221542473571,0.00045692281178785467,0.00875461792935338,13
