imputation,feature_column,feature_name,mean_abs_shap
1,param1,Sex,0.02596744222528444
1,param2,Age,0.5515630981542898
1,param3,Diastolic BP,0.14985043522550526
1,param4,Systolic BP,0.5505907527719737
1,param5,Heart rate,0.23327915568675447
1,param6,BMI,0.0842843708580853
1,param7,Diabetes duration,0.16520924596705477
1,param8,Hypertension,0.13709795816642556
1,param9,Hyperlipidemia,0.007021055697165225
1,param10,Cardiovascular disease,0.008096924341650111
1,param11,Smoking status,0.002931422622598863
1,param12,Drinking status,0.005355208396610336
1,img_score,Image-predicted AS score,0.36914802800190033
2,param1,Sex,0.02377693736346096
2,param2,Age,0.5494068913697139
2,param3,Diastolic BP,0.15137261905979685
2,param4,Systolic BP,0.5432210541201188
2,param5,Heart rate,0.2273640262966505
2,param6,BMI,0.08524045613264514
2,param7,Diabetes duration,0.1609146530589544
2,param8,Hypertension,0.1373898102789034
2,param9,Hyperlipidemia,0.00538680412685862
2,param10,Cardiovascular disease,0.008728020265134846
2,param11,Smoking status,0.000547184296117034
2,param12,Drinking status,0.0053314374028049566
2,img_score,Image-predicted AS score,0.3701483174999423
3,param1,Sex,0.0252649283091695
3,param2,Age,0.5525448504746325
3,param3,Diastolic BP,0.1515620995463043
3,param4,Systolic BP,0.5511307384032247
3,param5,Heart rate,0.23153811780417696
3,param6,BMI,0.08753377111383785
3,param7,Diabetes duration,0.14897366683812088
3,param8,Hypertension,0.1404687441965439
3,param9,Hyperlipidemia,0.011563573063084009
3,param10,Cardiovascular disease,0.010451421251920891
3,param11,Smoking status,0.006940842947033904
3,param12,Drinking status,0.006483711221661321
3,img_score,Image-predicted AS score,0.3688507739306962
4,param1,Sex,0.023972283422057622
4,param2,Age,0.5510223738524818
4,param3,Diastolic BP,0.14731859833561498
4,param4,Systolic BP,0.5533971433890915
4,param5,Heart rate,0.23525909702801348
4,param6,BMI,0.08664684403029664
4,param7,Diabetes duration,0.14913049693276614
4,param8,Hypertension,0.13396801847007644
4,param9,Hyperlipidemia,0.01503263452364129
4,param10,Cardiovascular disease,0.005339090494453848
4,param11,Smoking status,0.003776561527109764
4,param12,Drinking status,0.007179306662462609
4,img_score,Image-predicted AS score,0.3700647658075439
5,param1,Sex,0.02312769138688948
5,param2,Age,0.5500156361344349
5,param3,Diastolic BP,0.15124915571274863
5,param4,Systolic BP,0.5461305249895975
5,param5,Heart rate,0.23077998739956115
5,param6,BMI,0.08552551209579551
5,param7,Diabetes duration,0.16055218102377256
5,param8,Hypertension,0.13316645114131045
5,param9,Hyperlipidemia,0.015346365421289839
5,param10,Cardiovascular disease,0.004486315355571178
5,param11,Smoking status,0.0015510176942940687
5,param12,Drinking status,0.0038736256280845647
5,img_score,Image-predicted AS score,0.3691208183330129
6,param1,Sex,0.03913785147509251
6,param2,Age,0.4898664677452862
6,param3,Diastolic BP,0.12716261252452019
6,param4,Systolic BP,0.577426189698373
6,param5,Heart rate,0.24525300610517614
6,param6,BMI,0.09200054536656425
6,param7,Diabetes duration,0.14487091328770446
6,param8,Hypertension,0.13188697856973444
6,param9,Hyperlipidemia,0.000625713952162552
6,param10,Cardiovascular disease,0.01012273022742148
6,param11,Smoking status,0.0031288000013049494
6,param12,Drinking status,0.008924917168475141
6,img_score,Image-predicted AS score,0.5100094477018678
7,param1,Sex,0.025904450802916593
7,param2,Age,0.5514625405105794
7,param3,Diastolic BP,0.15185146579218486
7,param4,Systolic BP,0.5468904314981098
7,param5,Heart rate,0.2328218814701713
7,param6,BMI,0.08648209662959001
7,param7,Diabetes duration,0.15436047609608372
7,param8,Hypertension,0.1343386352529989
7,param9,Hyperlipidemia,0.01290954748706786
7,param10,Cardiovascular disease,0.007950990411303304
7,param11,Smoking status,0.0067166302223110414
7,param12,Drinking status,0.004774904583298181
7,img_score,Image-predicted AS score,0.3694643856838477
8,param1,Sex,0.02176589035711909
8,param2,Age,0.5497672218344432
8,param3,Diastolic BP,0.14362882196056556
8,param4,Systolic BP,0.5523275960668023
8,param5,Heart rate,0.22936894611974434
8,param6,BMI,0.0840954986701495
8,param7,Diabetes duration,0.15674464403642577
8,param8,Hypertension,0.13071413614867727
8,param9,Hyperlipidemia,0.012829593505804282
8,param10,Cardiovascular disease,0.0021579461163689297
8,param11,Smoking status,0.002606116677372656
8,param12,Drinking status,0.006151523231049199
8,img_score,Image-predicted AS score,0.3697509687151035
9,param1,Sex,0.043452927413488246
9,param2,Age,0.49324184860876397
9,param3,Diastolic BP,0.13010728317931392
9,param4,Systolic BP,0.5760474298509236
9,param5,Heart rate,0.25014106208129266
9,param6,BMI,0.09763500354143878
9,param7,Diabetes duration,0.1407447456930621
9,param8,Hypertension,0.12710773983466694
9,param9,Hyperlipidemia,0.01292019307338405
9,param10,Cardiovascular disease,0.010078226527497416
9,param11,Smoking status,0.00875461792935338
9,param12,Drinking status,0.0046884819162242445
9,img_score,Image-predicted AS score,0.5104513071603325
10,param1,Sex,0.02383293492112515
10,param2,Age,0.5509522159532904
10,param3,Diastolic BP,0.14920215583621996
10,param4,Systolic BP,0.555006665248749
10,param5,Heart rate,0.22871102663846105
10,param6,BMI,0.09102062526942366
10,param7,Diabetes duration,0.15734534489227764
10,param8,Hypertension,0.13661150730679045
10,param9,Hyperlipidemia,0.011095164189777408
10,param10,Cardiovascular disease,0.00863320339163183
10,param11,Smoking status,0.002275602731549685
10,param12,Drinking status,0.005015517969794776
10,img_score,Image-predicted AS score,0.36974151858686843
11,param1,Sex,0.020217646075218653
11,param2,Age,0.5515631022110854
11,param3,Diastolic BP,0.14952128832111594
11,param4,Systolic BP,0.5575703668377094
11,param5,Heart rate,0.22992661325556782
11,param6,BMI,0.09203132351605817
11,param7,Diabetes duration,0.14827835820625154
11,param8,Hypertension,0.14268996273221726
11,param9,Hyperlipidemia,0.011978322340559913
11,param10,Cardiovascular disease,0.006065614974850928
11,param11,Smoking status,0.004805102100220339
11,param12,Drinking status,0.0072956163529150145
11,img_score,Image-predicted AS score,0.368423199213878
12,param1,Sex,0.022333518848245082
12,param2,Age,0.5508620582611735
12,param3,Diastolic BP,0.1472563151860404
12,param4,Systolic BP,0.544350773365608
12,param5,Heart rate,0.22779859328645286
12,param6,BMI,0.08943931050793666
12,param7,Diabetes duration,0.14922879267698183
12,param8,Hypertension,0.142868381704506
12,param9,Hyperlipidemia,0.022964227955922942
12,param10,Cardiovascular disease,0.010908490231828142
12,param11,Smoking status,0.0007919933565633369
12,param12,Drinking status,0.00587780406078738
12,img_score,Image-predicted AS score,0.36959688737995383
13,param1,Sex,0.023389105460724237
13,param2,Age,0.5513188916422493
13,param3,Diastolic BP,0.14503008076513874
13,param4,Systolic BP,0.5578088344396394
13,param5,Heart rate,0.2332551285570511
13,param6,BMI,0.08743735658922056
13,param7,Diabetes duration,0.15617618527642027
13,param8,Hypertension,0.1406035753043717
13,param9,Hyperlipidemia,0.004041967171718395
13,param10,Cardiovascular disease,0.003021667268106011
13,param11,Smoking status,0.0029875172230860014
13,param12,Drinking status,0.00447354733359156
13,img_score,Image-predicted AS score,0.3687993558666909
14,param1,Sex,0.022471683408941873
14,param2,Age,0.5489979628394601
14,param3,Diastolic BP,0.14694271823844868
14,param4,Systolic BP,0.548342623313798
14,param5,Heart rate,0.23075194726058493
14,param6,BMI,0.08830308090691472
14,param7,Diabetes duration,0.16035049904196666
14,param8,Hypertension,0.1457746408299096
14,param9,Hyperlipidemia,0.016816824598639004
14,param10,Cardiovascular disease,0.007964257109764436
14,param11,Smoking status,0.0010021088992632724
14,param12,Drinking status,0.00434921694399314
14,img_score,Image-predicted AS score,0.3687253268052208
15,param1,Sex,0.0394989519357877
15,param2,Age,0.49158060365870837
15,param3,Diastolic BP,0.13183266464765028
15,param4,Systolic BP,0.5712335275254575
15,param5,Heart rate,0.24233138186102443
15,param6,BMI,0.09429474411493187
15,param7,Diabetes duration,0.14516461870748956
15,param8,Hypertension,0.13450313504411793
15,param9,Hyperlipidemia,0.012126269880717102
15,param10,Cardiovascular disease,0.017832508725438435
15,param11,Smoking status,0.0012273705418346375
15,param12,Drinking status,0.0046106532059122735
15,img_score,Image-predicted AS score,0.5101260064262956
16,param1,Sex,0.022352181139749353
16,param2,Age,0.5514586557128811
16,param3,Diastolic BP,0.14605061449937667
16,param4,Systolic BP,0.5549507234172092
16,param5,Heart rate,0.23342004128699487
16,param6,BMI,0.08735820585795583
16,param7,Diabetes duration,0.162785702494379
16,param8,Hypertension,0.13632213514805055
16,param9,Hyperlipidemia,0.009316691802310076
16,param10,Cardiovascular disease,0.0060341734628509515
16,param11,Smoking status,0.004244677686446169
16,param12,Drinking status,0.0039544154427181896
16,img_score,Image-predicted AS score,0.36871850494707525
17,param1,Sex,0.02444703376184513
17,param2,Age,0.5517899652806417
17,param3,Diastolic BP,0.14872765360272527
17,param4,Systolic BP,0.5502620443714242
17,param5,Heart rate,0.22981886738852164
17,param6,BMI,0.08395170780832975
17,param7,Diabetes duration,0.14416623811794446
17,param8,Hypertension,0.13879440804023402
17,param9,Hyperlipidemia,0.008630028668156
17,param10,Cardiovascular disease,0.0027321438859917147
17,param11,Smoking status,0.002571258209384978
17,param12,Drinking status,0.007353659527173353
17,img_score,Image-predicted AS score,0.37042454544781506
18,param1,Sex,0.021502309397666654
18,param2,Age,0.5525842249087606
18,param3,Diastolic BP,0.15144929200279197
18,param4,Systolic BP,0.5552657441492918
18,param5,Heart rate,0.22975393491932108
18,param6,BMI,0.08580463896123931
18,param7,Diabetes duration,0.154199799522534
18,param8,Hypertension,0.12515761033839687
18,param9,Hyperlipidemia,0.010886794815764125
18,param10,Cardiovascular disease,0.003777092212562324
18,param11,Smoking status,0.0026322459858364416
18,param12,Drinking status,0.006648746254360729
18,img_score,Image-predicted AS score,0.3700049669198622
19,param1,Sex,0.0216236343400827
19,param2,Age,0.5483523031674185
19,param3,Diastolic BP,0.14746590177035693
19,param4,Systolic BP,0.5527745585280744
19,param5,Heart rate,0.2291169684945608
19,param6,BMI,0.08577126522819405
19,param7,Diabetes duration,0.16358409517811742
19,param8,Hypertension,0.1318742009760319
19,param9,Hyperlipidemia,0.01283145586803687
19,param10,Cardiovascular disease,0.005733356496802751
19,param11,Smoking status,0.0010315263914119615
19,param12,Drinking status,0.008520119664588655
19,img_score,Image-predicted AS score,0.3696470235600173
20,param1,Sex,0.023151652372441805
20,param2,Age,0.5514547107933446
20,param3,Diastolic BP,0.143183225185573
20,param4,Systolic BP,0.5509921508180788
20,param5,Heart rate,0.2309226081445346
20,param6,BMI,0.08601744681101894
20,param7,Diabetes duration,0.15077019821689946
20,param8,Hypertension,0.12738241378228934
20,param9,Hyperlipidemia,0.009989379594039437
20,param10,Cardiovascular disease,0.005792456873462739
20,param11,Smoking status,0.00045692281178785467
20,param12,Drinking status,0.007887837136358265
20,img_score,Image-predicted AS score,0.37130162400313216
