panel,display_order,analysis,label,n,events,auc,ci_lower,ci_upper,bootstrap_resamples,bootstrap_seed
retained,1,retain_artery,Artery only,7331,5158,0.759513501292877,0.747723476653709,0.771530088787465,1000,42
retained,2,retain_vein,Vein only,7331,5158,0.741762424281789,0.729352011462797,0.753484593542125,1000,42
retained,3,retain_macular_2dd,"Macula, 2-DD",7331,5158,0.725084298879744,0.712079099011418,0.737163766641017,1000,42
retained,4,retain_optic_disc,Optic disc,7331,5158,0.71225183867647,0.699594468416112,0.724644519476201,1000,42
retained,5,retain_macular_1dd,"Macula, 1-DD",7331,5158,0.700903363515042,0.688206766135023,0.712797915894864,1000,42
retained,6,retain_vessel,Artery + vein,7331,5158,0.768182274011463,0.756192230334878,0.780151163339543,1000,42
retained,7,retain_all_with_macular_2dd,"Vessels + optic disc + 2-DD
macula retained",7331,5158,0.765276400578355,0.753255559182876,0.77758260838752,1000,42
removed,1,remove_artery_inpaint_biharmonic,Artery removed,7331,5158,0.773850957689162,0.762270690482767,0.785200346881498,1000,42
removed,2,remove_vein_inpaint_biharmonic,Vein removed,7331,5158,0.779997767732475,0.768466913308324,0.792075740793642,1000,42
removed,3,remove_macular_2dd_inpaint_biharmonic,Macula 2-DD removed,7331,5158,0.778684370041078,0.766962440578451,0.789695841420316,1000,42
removed,4,remove_optic_disc_inpaint_biharmonic,Optic disc removed,7331,5158,0.777907046667239,0.766212257656223,0.789382237185314,1000,42
removed,5,remove_macular_1dd_inpaint_biharmonic,Macula 1-DD removed,7331,5158,0.777784816191238,0.765940833784092,0.789280881190118,1000,42
removed,6,remove_vessel_inpaint_biharmonic,Artery + vein removed,7331,5158,0.764270675731112,0.752453416397322,0.776332786265606,1000,42
removed,7,remove_all_with_macular_2dd_inpaint_biharmonic,"Vessels + optic disc +
2-DD macula removed
(retinal background
retained)",7331,5158,0.757913620347145,0.745808790841912,0.769423247559893,1000,42
