ROI,Vessel feature,N,One-variable scalar-score Ridge probe: Spearman rho (95% CI),One-variable scalar-score Ridge probe: BH q (rho),One-variable scalar-score Ridge probe: CV R2 (95% CI),Frozen 2048-D Ridge probe: Spearman rho (95% CI),Frozen 2048-D Ridge probe: BH q (rho),Frozen 2048-D Ridge probe: CV R2 (95% CI),Age + sex + HbA1c Ridge probe: Spearman rho (95% CI),Age + sex + HbA1c Ridge probe: BH q (rho),Age + sex + HbA1c Ridge probe: CV R2 (95% CI)
Optic disc,Artery width,5187,"0.027 (-0.001, 0.055)",0.0863913608639136,"0.001 (-0.001, 0.004)","0.159 (0.134, 0.188)",0.0001285585727141,"0.024 (0.013, 0.036)","0.127 (0.100, 0.153)",0.0001799820017998,"0.017 (0.010, 0.024)"
Optic disc,Vein width,5187,"-0.015 (-0.043, 0.012)",0.3084441555844415,"-0.001 (-0.002, -0.000)","0.150 (0.124, 0.176)",0.0001285585727141,"0.020 (0.010, 0.029)","0.067 (0.040, 0.093)",0.0001799820017998,"0.006 (0.001, 0.009)"
Optic disc,AVR,5187,"0.024 (-0.003, 0.050)",0.1190723032959862,"0.000 (-0.002, 0.002)","0.064 (0.037, 0.089)",0.0002454300024543,"0.002 (-0.002, 0.006)","0.119 (0.091, 0.146)",0.0001799820017998,"0.013 (0.006, 0.019)"
Optic disc,Artery CLR,5187,"0.011 (-0.015, 0.037)",0.4357987278195257,"-0.001 (-0.002, 0.000)","0.173 (0.146, 0.199)",0.0001285585727141,"0.025 (0.014, 0.036)","0.020 (-0.008, 0.047)",0.2248875112488751,"0.000 (-0.002, 0.002)"
Optic disc,Vein CLR,5187,"0.076 (0.050, 0.103)",0.0002699730026997,"0.004 (0.000, 0.008)","0.164 (0.137, 0.190)",0.0001285585727141,"0.022 (0.010, 0.033)","0.101 (0.074, 0.127)",0.0001799820017998,"0.009 (0.004, 0.014)"
Optic disc,Artery tortuosity,5187,"-0.019 (-0.046, 0.009)",0.2079965916451833,"-0.001 (-0.002, -0.000)","-0.002 (-0.031, 0.026)",0.8718128187181283,"-0.003 (-0.005, -0.001)","-0.006 (-0.034, 0.021)",0.6874966349518895,"-0.001 (-0.002, -0.000)"
Optic disc,Vein tortuosity,5187,"-0.036 (-0.065, -0.011)",0.016391218021055,"-0.002 (-0.004, -0.001)","-0.016 (-0.043, 0.010)",0.2794760523947605,"-0.002 (-0.005, -0.000)","0.001 (-0.026, 0.028)",0.9406059394060594,"-0.001 (-0.003, -0.000)"
Optic disc,Artery branch count,5187,"0.071 (0.043, 0.097)",0.0002699730026997,"0.006 (0.002, 0.010)","0.181 (0.155, 0.209)",0.0001285585727141,"0.039 (0.027, 0.051)","0.026 (-0.002, 0.052)",0.1028897110288971,"0.001 (-0.001, 0.003)"
Optic disc,Vein branch count,5187,"-0.019 (-0.046, 0.009)",0.2079965916451833,"-0.000 (-0.001, -0.000)","0.138 (0.111, 0.165)",0.0001285585727141,"0.024 (0.013, 0.033)","-0.012 (-0.041, 0.016)",0.4691394496913945,"-0.000 (-0.001, 0.000)"
Full field,Artery width,5187,"0.065 (0.039, 0.092)",0.0002699730026997,"0.005 (0.001, 0.009)","0.346 (0.321, 0.371)",0.0001285585727141,"0.126 (0.106, 0.145)","0.084 (0.059, 0.112)",0.0001799820017998,"0.006 (0.001, 0.011)"
Full field,Vein width,5187,"0.020 (-0.007, 0.046)",0.2008599140085991,"-0.001 (-0.002, 0.000)","0.230 (0.206, 0.254)",0.0001285585727141,"0.045 (0.033, 0.057)","0.061 (0.035, 0.087)",0.0001799820017998,"0.004 (-0.000, 0.007)"
Full field,AVR,5187,"0.080 (0.054, 0.107)",0.0002699730026997,"0.006 (0.002, 0.010)","0.287 (0.261, 0.311)",0.0001285585727141,"0.081 (0.063, 0.098)","0.038 (0.012, 0.063)",0.0114738526147385,"0.001 (-0.002, 0.002)"
Full field,Artery CLR,5187,"0.057 (0.027, 0.083)",0.0002699730026997,"0.002 (-0.002, 0.005)","0.406 (0.382, 0.430)",0.0001285585727141,"0.172 (0.150, 0.194)","0.136 (0.109, 0.163)",0.0001799820017998,"0.016 (0.009, 0.023)"
Full field,Vein CLR,5187,"0.044 (0.018, 0.070)",0.0037380877296885,"0.000 (-0.003, 0.003)","0.329 (0.304, 0.354)",0.0001285585727141,"0.119 (0.098, 0.139)","0.072 (0.044, 0.100)",0.0001799820017998,"0.006 (0.001, 0.011)"
Full field,Artery tortuosity,5187,"-0.007 (-0.036, 0.020)",0.6138386161383862,"-0.000 (-0.001, 0.000)","-0.009 (-0.038, 0.018)",0.5279010560482414,"-0.003 (-0.007, -0.000)","-0.008 (-0.034, 0.019)",0.656934306569343,"-0.000 (-0.001, 0.000)"
Full field,Vein tortuosity,5187,"0.121 (0.094, 0.147)",0.0002699730026997,"0.014 (0.007, 0.020)","0.136 (0.110, 0.162)",0.0001285585727141,"0.018 (0.008, 0.027)","0.086 (0.059, 0.113)",0.0001799820017998,"0.007 (0.002, 0.011)"
Full field,Artery branch count,5187,"0.426 (0.403, 0.449)",0.0002699730026997,"0.188 (0.168, 0.207)","0.709 (0.694, 0.724)",0.0001285585727141,"0.512 (0.492, 0.532)","0.286 (0.261, 0.311)",0.0001799820017998,"0.087 (0.072, 0.101)"
Full field,Vein branch count,5187,"0.352 (0.328, 0.376)",0.0002699730026997,"0.129 (0.112, 0.146)","0.684 (0.668, 0.700)",0.0001285585727141,"0.494 (0.473, 0.514)","0.351 (0.325, 0.375)",0.0001799820017998,"0.126 (0.107, 0.144)"
Macula (2 DD),Artery width,5187,"-0.035 (-0.061, -0.008)",0.0223918784592129,"-0.001 (-0.002, -0.000)","0.168 (0.141, 0.195)",0.0001285585727141,"0.031 (0.019, 0.044)","-0.008 (-0.034, 0.021)",0.656934306569343,"-0.001 (-0.003, 0.001)"
Macula (2 DD),Vein width,5187,"0.036 (0.009, 0.063)",0.0208779122087791,"0.003 (-0.001, 0.006)","0.237 (0.212, 0.261)",0.0001285585727141,"0.076 (0.051, 0.100)","0.007 (-0.020, 0.035)",0.672880711928807,"0.001 (-0.002, 0.003)"
Macula (2 DD),AVR,5187,"-0.044 (-0.072, -0.017)",0.002924707529247,"-0.001 (-0.002, -0.000)","0.098 (0.070, 0.125)",0.0001285585727141,"0.009 (-0.000, 0.018)","-0.026 (-0.053, 0.001)",0.0911555903233206,"-0.001 (-0.002, -0.000)"
Macula (2 DD),Artery CLR,5187,"0.101 (0.072, 0.127)",0.0002699730026997,"0.004 (0.000, 0.008)","0.096 (0.068, 0.123)",0.0001285585727141,"0.012 (0.005, 0.019)","0.085 (0.057, 0.111)",0.0001799820017998,"0.003 (-0.001, 0.007)"
Macula (2 DD),Vein CLR,5187,"0.035 (0.006, 0.061)",0.020922907709229,"-0.000 (-0.001, 0.000)","0.050 (0.024, 0.077)",0.0003374662533746,"0.001 (-0.001, 0.002)","0.065 (0.038, 0.092)",0.0001799820017998,"0.000 (-0.001, 0.001)"
Macula (2 DD),Artery tortuosity,5187,"0.050 (0.024, 0.076)",0.0012271500122715,"0.002 (-0.001, 0.003)","0.058 (0.031, 0.085)",0.0003374662533746,"0.003 (0.000, 0.006)","0.022 (-0.004, 0.049)",0.1500481530794289,"-0.000 (-0.002, 0.001)"
Macula (2 DD),Vein tortuosity,5187,"0.012 (-0.015, 0.039)",0.434008599140086,"0.000 (-0.002, 0.001)","0.055 (0.028, 0.083)",0.0001285585727141,"-0.000 (-0.003, 0.003)","-0.017 (-0.043, 0.009)",0.2677875069635894,"-0.000 (-0.002, -0.000)"
Macula (2 DD),Artery branch count,5187,"0.161 (0.134, 0.188)",0.0002699730026997,"0.020 (0.012, 0.028)","0.216 (0.189, 0.243)",0.0001285585727141,"0.047 (0.033, 0.061)","0.124 (0.097, 0.150)",0.0001799820017998,"0.012 (0.005, 0.018)"
Macula (2 DD),Vein branch count,5187,"-0.020 (-0.047, 0.006)",0.2014512834430842,"-0.000 (-0.001, 0.000)","0.101 (0.074, 0.128)",0.0001285585727141,"0.006 (-0.001, 0.013)","0.078 (0.051, 0.105)",0.0001799820017998,"0.006 (0.001, 0.010)"
