roi,roi_label,vessel_feature,feature_label,input_model,input_label,n,spearman_rho,spearman_ci_low,spearman_ci_high,permutation_p_spearman,bh_q_27_spearman,cv_r2,r2_ci_low,r2_ci_high,permutation_p_r2,bh_q_27_r2
disc,Optic disc,artery_width_median_px,Artery width,scalar_score,One-variable scalar-score Ridge probe,5187,0.0267146065566086,-0.0009942028668024,0.0546499071871902,0.0575942405759424,0.0863913608639136,0.0013776546099188,-0.0012131854335538,0.0035615503177507,0.0031996800319968,0.0066454892972241
disc,Optic disc,artery_width_median_px,Artery width,latent_2048,Frozen 2048-D Ridge probe,5187,0.1593771402943657,0.1337560551030412,0.1875837474360901,9.999000099990002e-05,0.0001285585727141,0.0242419759041556,0.0130165516343317,0.0361567421204347,9.999000099990002e-05,0.0001285585727141
disc,Optic disc,artery_width_median_px,Artery width,clinical_age_sex_hba1c,Age + sex + HbA1c Ridge probe,5187,0.1265352121638303,0.0995191608055891,0.1531626268472887,9.999000099990002e-05,0.0001799820017998,0.0169602255302412,0.009575824030207,0.0237015077674006,9.999000099990002e-05,0.0001928378590712
disc,Optic disc,vein_width_median_px,Vein width,scalar_score,One-variable scalar-score Ridge probe,5187,-0.0152619857177742,-0.0430994298542179,0.0119805076367581,0.2741725827417258,0.3084441555844415,-0.0011125206818263,-0.0023604916586931,-0.0003043915510323,0.95000499950005,1.0
disc,Optic disc,vein_width_median_px,Vein width,latent_2048,Frozen 2048-D Ridge probe,5187,0.1495730221342949,0.1240310526569087,0.1757006546925909,9.999000099990002e-05,0.0001285585727141,0.0195424748286594,0.010013165129282,0.0289383425766175,9.999000099990002e-05,0.0001285585727141
disc,Optic disc,vein_width_median_px,Vein width,clinical_age_sex_hba1c,Age + sex + HbA1c Ridge probe,5187,0.0665897253302529,0.0401827186694591,0.0934384875038625,9.999000099990002e-05,0.0001799820017998,0.0055385889881722,0.0014121152547219,0.0092919163475389,9.999000099990002e-05,0.0001928378590712
disc,Optic disc,AVR,AVR,scalar_score,One-variable scalar-score Ridge probe,5187,0.0238383882953285,-0.0025541636105601,0.0501660282915688,0.0837916208379162,0.1190723032959862,0.0002318529151382,-0.002050704429422,0.0020495845500484,0.0550944905509449,0.0991700829917008
disc,Optic disc,AVR,AVR,latent_2048,Frozen 2048-D Ridge probe,5187,0.0635681595517833,0.0374127414962348,0.0887083099362951,0.0001999800019998,0.0002454300024543,0.0019805487446807,-0.0023370051326514,0.0058987481432085,0.0001999800019998,0.0002454300024543
disc,Optic disc,AVR,AVR,clinical_age_sex_hba1c,Age + sex + HbA1c Ridge probe,5187,0.1185170285905542,0.0913176166022848,0.146085770820503,9.999000099990002e-05,0.0001799820017998,0.013140970266994,0.0064631825093968,0.0193293670924405,9.999000099990002e-05,0.0001928378590712
disc,Optic disc,artery_clr,Artery CLR,scalar_score,One-variable scalar-score Ridge probe,5187,0.0109767200111431,-0.0154237840226645,0.0373050747280203,0.4196580341965803,0.4357987278195257,-0.0005780255796057,-0.0017984049311132,7.302910331461737e-05,0.8258174182581742,1.0
disc,Optic disc,artery_clr,Artery CLR,latent_2048,Frozen 2048-D Ridge probe,5187,0.1727101098426302,0.1458540478510947,0.1994913724201319,9.999000099990002e-05,0.0001285585727141,0.0247721767931888,0.0140785504686024,0.0356645765591104,9.999000099990002e-05,0.0001285585727141
disc,Optic disc,artery_clr,Artery CLR,clinical_age_sex_hba1c,Age + sex + HbA1c Ridge probe,5187,0.0195319147639615,-0.0082302379670233,0.0467061419250193,0.1665833416658334,0.2248875112488751,0.0001948170905217,-0.0016647311439085,0.0015639375082907,0.0999900009999,0.1420910540524894
disc,Optic disc,vein_clr,Vein CLR,scalar_score,One-variable scalar-score Ridge probe,5187,0.0759097112004772,0.0501035260364373,0.103471137726262,9.999000099990002e-05,0.0002699730026997,0.0041851537431256,0.0003500730114754,0.0078185713428395,9.999000099990002e-05,0.0002999700029997
disc,Optic disc,vein_clr,Vein CLR,latent_2048,Frozen 2048-D Ridge probe,5187,0.1639874707732004,0.1370950187953246,0.1899968050538532,9.999000099990002e-05,0.0001285585727141,0.0219547389550128,0.0097975911863436,0.0332237181782157,9.999000099990002e-05,0.0001285585727141
disc,Optic disc,vein_clr,Vein CLR,clinical_age_sex_hba1c,Age + sex + HbA1c Ridge probe,5187,0.1011081137839163,0.0744562865418583,0.1271932501514478,9.999000099990002e-05,0.0001799820017998,0.0088038924046748,0.0036751894203749,0.0137600557285558,9.999000099990002e-05,0.0001928378590712
disc,Optic disc,artery_tortuosity_median_branch,Artery tortuosity,scalar_score,One-variable scalar-score Ridge probe,5187,-0.0190654652330806,-0.0460976273863274,0.0086586306219365,0.1771822817718228,0.2079965916451833,-0.0005596092380333,-0.0017448602803354,-0.0002064901538839,0.9903009699030098,1.0
disc,Optic disc,artery_tortuosity_median_branch,Artery tortuosity,latent_2048,Frozen 2048-D Ridge probe,5187,-0.0023324022957657,-0.0311017872533786,0.025823676223953,0.8718128187181282,0.8718128187181283,-0.0026911942586822,-0.004910675023272,-0.001381512782901,0.9777022297770224,0.9777022297770224
disc,Optic disc,artery_tortuosity_median_branch,Artery tortuosity,clinical_age_sex_hba1c,Age + sex + HbA1c Ridge probe,5187,-0.0061181989405241,-0.0337019311069302,0.0207158582342526,0.662033796620338,0.6874966349518895,-0.0005090673756806,-0.001700738584552,-0.0001521786480074,0.9545045495450456,0.9585041495850416
disc,Optic disc,vein_tortuosity_median_branch,Vein tortuosity,scalar_score,One-variable scalar-score Ridge probe,5187,-0.0363113663233021,-0.0647678690459946,-0.010552364368158,0.0084991500849915,0.016391218021055,-0.0020084283064742,-0.0035423721082616,-0.0012731583703899,1.0,1.0
disc,Optic disc,vein_tortuosity_median_branch,Vein tortuosity,latent_2048,Frozen 2048-D Ridge probe,5187,-0.0156586277186305,-0.0431677679402118,0.0104009356987712,0.2587741225877412,0.2794760523947605,-0.0019287415717823,-0.0052976831562043,-9.70391454817811e-05,0.6438356164383562,0.6685985247629083
disc,Optic disc,vein_tortuosity_median_branch,Vein tortuosity,clinical_age_sex_hba1c,Age + sex + HbA1c Ridge probe,5187,0.0011057954335478,-0.026128305416868,0.0280249637038263,0.9406059394060594,0.9406059394060594,-0.0009527081457769,-0.0025375521810245,-6.98754529084586e-05,0.83991600839916,0.9449055094490548
disc,Optic disc,artery_branch_count,Artery branch count,scalar_score,One-variable scalar-score Ridge probe,5187,0.0705448663510767,0.0429937896154829,0.0967771214470621,9.999000099990002e-05,0.0002699730026997,0.0060659846917973,0.00160147411597,0.0099970897053256,9.999000099990002e-05,0.0002999700029997
disc,Optic disc,artery_branch_count,Artery branch count,latent_2048,Frozen 2048-D Ridge probe,5187,0.1814966630483176,0.1546295328360057,0.2089560221667024,9.999000099990002e-05,0.0001285585727141,0.0391606921239902,0.0269307919618743,0.0511107621457428,9.999000099990002e-05,0.0001285585727141
disc,Optic disc,artery_branch_count,Artery branch count,clinical_age_sex_hba1c,Age + sex + HbA1c Ridge probe,5187,0.0255113865681033,-0.0021084693028019,0.0519187838153643,0.0685931406859314,0.1028897110288971,0.0008832064687713,-0.0014525039875545,0.002733950903741,0.0133986601339866,0.0241175882411758
disc,Optic disc,vein_branch_count,Vein branch count,scalar_score,One-variable scalar-score Ridge probe,5187,-0.0188709536827988,-0.046486456365974,0.0093496895784882,0.170982901709829,0.2079965916451833,-0.0004223708864559,-0.001442093851527,-0.0001489230060753,0.981001899810019,1.0
disc,Optic disc,vein_branch_count,Vein branch count,latent_2048,Frozen 2048-D Ridge probe,5187,0.1380874515132108,0.110571490824598,0.1646497839840805,9.999000099990002e-05,0.0001285585727141,0.0235413036534369,0.0131220694395866,0.0329934719713373,9.999000099990002e-05,0.0001285585727141
disc,Optic disc,vein_branch_count,Vein branch count,clinical_age_sex_hba1c,Age + sex + HbA1c Ridge probe,5187,-0.0120281444207238,-0.0406176074092426,0.0163017655284379,0.3822617738226177,0.4691394496913945,-0.000283419861969,-0.0013648948800653,9.698955184883886e-05,0.8074192580741926,0.9449055094490548
full,Full field,artery_width_median_px,Artery width,scalar_score,One-variable scalar-score Ridge probe,5187,0.0654762041021212,0.0391202280871287,0.0920790748516537,9.999000099990002e-05,0.0002699730026997,0.0051048197878019,0.0008850983968324,0.0087742489112551,9.999000099990002e-05,0.0002999700029997
full,Full field,artery_width_median_px,Artery width,latent_2048,Frozen 2048-D Ridge probe,5187,0.3458081437849426,0.3208791027753724,0.3706950744200299,9.999000099990002e-05,0.0001285585727141,0.1257926740046229,0.1060410361307456,0.1454165206710273,9.999000099990002e-05,0.0001285585727141
full,Full field,artery_width_median_px,Artery width,clinical_age_sex_hba1c,Age + sex + HbA1c Ridge probe,5187,0.0842060101287755,0.0587943204278619,0.1119787861228154,9.999000099990002e-05,0.0001799820017998,0.0063976493178151,0.0014045669541768,0.0111932547760655,9.999000099990002e-05,0.0001928378590712
full,Full field,vein_width_median_px,Vein width,scalar_score,One-variable scalar-score Ridge probe,5187,0.019949731613334,-0.0066883253433311,0.0464872848413841,0.1487851214878512,0.2008599140085991,-0.0006079320285008,-0.002021527428959,0.0003491165783714,0.5806419358064193,0.8709629037096289
full,Full field,vein_width_median_px,Vein width,latent_2048,Frozen 2048-D Ridge probe,5187,0.230115584660327,0.2058149584950238,0.2538409828478462,9.999000099990002e-05,0.0001285585727141,0.0449549787470751,0.0325506141797572,0.0565668244496445,9.999000099990002e-05,0.0001285585727141
full,Full field,vein_width_median_px,Vein width,clinical_age_sex_hba1c,Age + sex + HbA1c Ridge probe,5187,0.0611174534601463,0.0346570877631301,0.086888726242293,9.999000099990002e-05,0.0001799820017998,0.0037573943054529,-0.000339536420867,0.0074782240437203,9.999000099990002e-05,0.0001928378590712
full,Full field,AVR,AVR,scalar_score,One-variable scalar-score Ridge probe,5187,0.0803998704115997,0.0536117606829285,0.1069154252842937,9.999000099990002e-05,0.0002699730026997,0.0057496609753422,0.0015690517352929,0.0095277249177206,9.999000099990002e-05,0.0002999700029997
full,Full field,AVR,AVR,latent_2048,Frozen 2048-D Ridge probe,5187,0.2874361377997761,0.2612753689399101,0.3114615522372686,9.999000099990002e-05,0.0001285585727141,0.0805029914785001,0.0626622015580955,0.0975468401949549,9.999000099990002e-05,0.0001285585727141
full,Full field,AVR,AVR,clinical_age_sex_hba1c,Age + sex + HbA1c Ridge probe,5187,0.0377205987239643,0.01162364695951,0.0630843761993144,0.0067993200679932,0.0114738526147385,0.0005332416460052,-0.0019623250428617,0.0024448050225109,0.0241975802419758,0.0408334166583341
full,Full field,artery_clr,Artery CLR,scalar_score,One-variable scalar-score Ridge probe,5187,0.0567133118783574,0.0274744184060781,0.0829761861026694,9.999000099990002e-05,0.0002699730026997,0.0017709355663876,-0.0017892163371605,0.0045895780931375,0.000999900009999,0.002454300024543
full,Full field,artery_clr,Artery CLR,latent_2048,Frozen 2048-D Ridge probe,5187,0.4061134456711574,0.3815282515043187,0.430136561441534,9.999000099990002e-05,0.0001285585727141,0.1723941229205615,0.1499861475224495,0.1935888328594578,9.999000099990002e-05,0.0001285585727141
full,Full field,artery_clr,Artery CLR,clinical_age_sex_hba1c,Age + sex + HbA1c Ridge probe,5187,0.1359618558477405,0.1085163718619132,0.1632659508245278,9.999000099990002e-05,0.0001799820017998,0.016265375843578,0.0086450614181259,0.0232216720592675,9.999000099990002e-05,0.0001928378590712
full,Full field,vein_clr,Vein CLR,scalar_score,One-variable scalar-score Ridge probe,5187,0.0442974582860517,0.017772608280951,0.0702441230205082,0.0017998200179982,0.0037380877296885,0.0004254146379804,-0.0025067321887465,0.0027380639578299,0.0194980501949805,0.0376033825188909
full,Full field,vein_clr,Vein CLR,latent_2048,Frozen 2048-D Ridge probe,5187,0.3294333064837882,0.3037331480565338,0.3537832120533999,9.999000099990002e-05,0.0001285585727141,0.118715928249137,0.0977941134196411,0.1385423467050471,9.999000099990002e-05,0.0001285585727141
full,Full field,vein_clr,Vein CLR,clinical_age_sex_hba1c,Age + sex + HbA1c Ridge probe,5187,0.0715026974634911,0.0444206070113499,0.0997072623196508,9.999000099990002e-05,0.0001799820017998,0.0061091061976829,0.0012167875485098,0.0107196426900784,9.999000099990002e-05,0.0001928378590712
full,Full field,artery_tortuosity_median_branch,Artery tortuosity,scalar_score,One-variable scalar-score Ridge probe,5187,-0.0070230046642216,-0.0360718842592825,0.0201113823225309,0.6138386161383862,0.6138386161383862,-7.948697115667258e-05,-0.0010469819644228,3.125627240689869e-05,0.7997200279972003,1.0
full,Full field,artery_tortuosity_median_branch,Artery tortuosity,latent_2048,Frozen 2048-D Ridge probe,5187,-0.0092270058313188,-0.0377722890690441,0.0179871646985844,0.5083491650834917,0.5279010560482414,-0.003075285894686,-0.0065877441897809,-4.223666990710833e-06,0.4453554644535546,0.4809839016098389
full,Full field,artery_tortuosity_median_branch,Artery tortuosity,clinical_age_sex_hba1c,Age + sex + HbA1c Ridge probe,5187,-0.0078171306164744,-0.0335878598176441,0.0193387162379806,0.5711428857114289,0.656934306569343,-0.0001707021847936,-0.0011367146757077,4.201141849796132e-05,0.8308169183081692,0.9449055094490548
full,Full field,vein_tortuosity_median_branch,Vein tortuosity,scalar_score,One-variable scalar-score Ridge probe,5187,0.1207165491936059,0.0943390999720999,0.1473882434641953,9.999000099990002e-05,0.0002699730026997,0.0136718644043954,0.0074820465050939,0.0195102190632797,9.999000099990002e-05,0.0002999700029997
full,Full field,vein_tortuosity_median_branch,Vein tortuosity,latent_2048,Frozen 2048-D Ridge probe,5187,0.1357679457185358,0.1103873724070958,0.1620781251708663,9.999000099990002e-05,0.0001285585727141,0.0177779271341745,0.0084705628792324,0.0267866586982474,9.999000099990002e-05,0.0001285585727141
full,Full field,vein_tortuosity_median_branch,Vein tortuosity,clinical_age_sex_hba1c,Age + sex + HbA1c Ridge probe,5187,0.0860765876753178,0.0594720480242679,0.1129843077823457,9.999000099990002e-05,0.0001799820017998,0.006782854459797,0.001670578597082,0.0113707585651258,9.999000099990002e-05,0.0001928378590712
full,Full field,artery_branch_count,Artery branch count,scalar_score,One-variable scalar-score Ridge probe,5187,0.4263182811634534,0.4033059258858426,0.4493715540150412,9.999000099990002e-05,0.0002699730026997,0.1881107420806536,0.167678056562202,0.2072229585341002,9.999000099990002e-05,0.0002999700029997
full,Full field,artery_branch_count,Artery branch count,latent_2048,Frozen 2048-D Ridge probe,5187,0.7089061279266029,0.6935939592887433,0.7235333341819612,9.999000099990002e-05,0.0001285585727141,0.5120247205867998,0.4922891543981359,0.5315939610687652,9.999000099990002e-05,0.0001285585727141
full,Full field,artery_branch_count,Artery branch count,clinical_age_sex_hba1c,Age + sex + HbA1c Ridge probe,5187,0.2857688565338756,0.260734494435335,0.3113467236207116,9.999000099990002e-05,0.0001799820017998,0.0865706205722108,0.0720485698346682,0.1011303335215672,9.999000099990002e-05,0.0001928378590712
full,Full field,vein_branch_count,Vein branch count,scalar_score,One-variable scalar-score Ridge probe,5187,0.3517964738689951,0.3275209024790028,0.376228206249313,9.999000099990002e-05,0.0002699730026997,0.1290732699035162,0.1122808404281888,0.1460141474231956,9.999000099990002e-05,0.0002999700029997
full,Full field,vein_branch_count,Vein branch count,latent_2048,Frozen 2048-D Ridge probe,5187,0.683908195335493,0.6681969131494334,0.6999820244873622,9.999000099990002e-05,0.0001285585727141,0.4937825423362546,0.4734223578372227,0.5143707794072786,9.999000099990002e-05,0.0001285585727141
full,Full field,vein_branch_count,Vein branch count,clinical_age_sex_hba1c,Age + sex + HbA1c Ridge probe,5187,0.3507018455908743,0.3248715926379223,0.3750824357727462,9.999000099990002e-05,0.0001799820017998,0.126191021404468,0.1074609899630168,0.1436501721212746,9.999000099990002e-05,0.0001928378590712
macula_dd2,Macula (2 DD),artery_width_median_px,Artery width,scalar_score,One-variable scalar-score Ridge probe,5187,-0.0345574056519402,-0.0609569095955595,-0.0076357867160107,0.0140985901409859,0.0223918784592129,-0.001095342737563,-0.0024656137617001,-0.0001890649835175,0.9458054194580542,1.0
macula_dd2,Macula (2 DD),artery_width_median_px,Artery width,latent_2048,Frozen 2048-D Ridge probe,5187,0.1681069158960428,0.1406893072431068,0.1953796989785433,9.999000099990002e-05,0.0001285585727141,0.0314595023290206,0.0185745152853466,0.0444450957358031,9.999000099990002e-05,0.0001285585727141
macula_dd2,Macula (2 DD),artery_width_median_px,Artery width,clinical_age_sex_hba1c,Age + sex + HbA1c Ridge probe,5187,-0.0076597242280183,-0.0338877189832895,0.0212400459769629,0.583941605839416,0.656934306569343,-0.0008229955398812,-0.0025764292326775,0.0005982357904809,0.5535446455354465,0.7117002585455741
macula_dd2,Macula (2 DD),vein_width_median_px,Vein width,scalar_score,One-variable scalar-score Ridge probe,5187,0.0356253626954805,0.0093392494261636,0.0627932666808416,0.0115988401159884,0.0208779122087791,0.0026470611931352,-0.0007641351499042,0.0055549651817672,0.0001999800019998,0.0005399460053994
macula_dd2,Macula (2 DD),vein_width_median_px,Vein width,latent_2048,Frozen 2048-D Ridge probe,5187,0.2365367752340926,0.2123290916353219,0.2606859428035042,9.999000099990002e-05,0.0001285585727141,0.0764121066980912,0.0505650470026075,0.0998964041826994,9.999000099990002e-05,0.0001285585727141
macula_dd2,Macula (2 DD),vein_width_median_px,Vein width,clinical_age_sex_hba1c,Age + sex + HbA1c Ridge probe,5187,0.0066878398087707,-0.0195765359312939,0.0348018736898951,0.623037696230377,0.672880711928807,0.0005607555331019,-0.0016453727052234,0.0025644874638654,0.0296970302969703,0.0471658716481293
macula_dd2,Macula (2 DD),AVR,AVR,scalar_score,One-variable scalar-score Ridge probe,5187,-0.0435822377973247,-0.0715349973238187,-0.0168944154396432,0.0012998700129987,0.002924707529247,-0.0006945293149882,-0.0017947485961093,-0.0003144114532431,0.9951004899510048,1.0
macula_dd2,Macula (2 DD),AVR,AVR,latent_2048,Frozen 2048-D Ridge probe,5187,0.0982062631050982,0.0703828195081527,0.1245034970934105,9.999000099990002e-05,0.0001285585727141,0.0091806611715865,-0.0004384403652495,0.0178055195727414,9.999000099990002e-05,0.0001285585727141
macula_dd2,Macula (2 DD),AVR,AVR,clinical_age_sex_hba1c,Age + sex + HbA1c Ridge probe,5187,-0.0264415956601989,-0.0528077981429301,0.0010305675174418,0.0573942605739426,0.0911555903233206,-0.0010545280477023,-0.002388910779594,-0.0002690411049124,0.9585041495850416,0.9585041495850416
macula_dd2,Macula (2 DD),artery_clr,Artery CLR,scalar_score,One-variable scalar-score Ridge probe,5187,0.10099463781811,0.0722034393021889,0.1270815603755318,9.999000099990002e-05,0.0002699730026997,0.0041777855625889,0.0002590364124384,0.0075099975133446,9.999000099990002e-05,0.0002999700029997
macula_dd2,Macula (2 DD),artery_clr,Artery CLR,latent_2048,Frozen 2048-D Ridge probe,5187,0.0960905884607628,0.0678962899081697,0.1227080030784482,9.999000099990002e-05,0.0001285585727141,0.012354075403802,0.0048754226332471,0.0194380268951103,9.999000099990002e-05,0.0001285585727141
macula_dd2,Macula (2 DD),artery_clr,Artery CLR,clinical_age_sex_hba1c,Age + sex + HbA1c Ridge probe,5187,0.0849653465130578,0.0570147020201624,0.1108433766664748,9.999000099990002e-05,0.0001799820017998,0.0033938921396652,-0.0005101433830571,0.0067229376246297,9.999000099990002e-05,0.0001928378590712
macula_dd2,Macula (2 DD),vein_clr,Vein CLR,scalar_score,One-variable scalar-score Ridge probe,5187,0.034869519716454,0.0064615786111306,0.0612612310899937,0.0123987601239876,0.020922907709229,-0.0001281741053551,-0.0013435578433478,0.0003980612867367,0.4902509749025097,0.7786339013157508
macula_dd2,Macula (2 DD),vein_clr,Vein CLR,latent_2048,Frozen 2048-D Ridge probe,5187,0.0502907083912993,0.024096322643075,0.0772573362180139,0.0002999700029997,0.0003374662533746,0.0007180638516304,-0.0011584243836065,0.0019845638734011,0.0248975102489751,0.0292275120314055
macula_dd2,Macula (2 DD),vein_clr,Vein CLR,clinical_age_sex_hba1c,Age + sex + HbA1c Ridge probe,5187,0.0651793370577052,0.0378433720519939,0.0924666942550392,9.999000099990002e-05,0.0001799820017998,0.0003679006718901,-0.0008902035121942,0.0009828599357584,0.0623937606239376,0.0935906409359064
macula_dd2,Macula (2 DD),artery_tortuosity_median_branch,Artery tortuosity,scalar_score,One-variable scalar-score Ridge probe,5187,0.0496380466815124,0.0235002045667665,0.0764655259354208,0.0004999500049995,0.0012271500122715,0.0015164209950445,-0.0005836176938068,0.003410888813512,0.0031996800319968,0.0066454892972241
macula_dd2,Macula (2 DD),artery_tortuosity_median_branch,Artery tortuosity,latent_2048,Frozen 2048-D Ridge probe,5187,0.0581437616485183,0.0307015939051863,0.0849203269716531,0.0002999700029997,0.0003374662533746,0.0031620322060949,3.757052866169288e-05,0.0059754515350074,9.999000099990002e-05,0.0001285585727141
macula_dd2,Macula (2 DD),artery_tortuosity_median_branch,Artery tortuosity,clinical_age_sex_hba1c,Age + sex + HbA1c Ridge probe,5187,0.0224423906716114,-0.0043132454817955,0.0487296657915451,0.1055894410558944,0.1500481530794289,-0.0002325832211647,-0.0019315600607653,0.000956924225505,0.2486751324867513,0.3357114288571143
macula_dd2,Macula (2 DD),vein_tortuosity_median_branch,Vein tortuosity,scalar_score,One-variable scalar-score Ridge probe,5187,0.011532567399104,-0.0149799746785704,0.0385385906918887,0.4018598140185981,0.434008599140086,6.92699687685483e-05,-0.0017382068633099,0.0008297308373086,0.2142785721427857,0.3615950904909509
macula_dd2,Macula (2 DD),vein_tortuosity_median_branch,Vein tortuosity,latent_2048,Frozen 2048-D Ridge probe,5187,0.0554711121143337,0.0276375006431068,0.0825605534910373,9.999000099990002e-05,0.0001285585727141,-9.565006124456764e-05,-0.0031900330462634,0.0032053600322453,0.0515948405159484,0.0580441955804419
macula_dd2,Macula (2 DD),vein_tortuosity_median_branch,Vein tortuosity,clinical_age_sex_hba1c,Age + sex + HbA1c Ridge probe,5187,-0.0173700218881952,-0.0429992748552874,0.0092192327128341,0.2082791720827917,0.2677875069635894,-0.0003075050759204,-0.0017015267980007,-8.919995767705529e-05,0.9527047295270472,0.9585041495850416
macula_dd2,Macula (2 DD),artery_branch_count,Artery branch count,scalar_score,One-variable scalar-score Ridge probe,5187,0.161099301855359,0.1338634579882855,0.1877283134827226,9.999000099990002e-05,0.0002699730026997,0.0202347417112643,0.012218997524425,0.0277421245301551,9.999000099990002e-05,0.0002999700029997
macula_dd2,Macula (2 DD),artery_branch_count,Artery branch count,latent_2048,Frozen 2048-D Ridge probe,5187,0.2156290118951054,0.1886000455735441,0.2425226059542446,9.999000099990002e-05,0.0001285585727141,0.0469397715113296,0.0326899046773325,0.061058819119396,9.999000099990002e-05,0.0001285585727141
macula_dd2,Macula (2 DD),artery_branch_count,Artery branch count,clinical_age_sex_hba1c,Age + sex + HbA1c Ridge probe,5187,0.1238764095881366,0.0968285578169182,0.1496477267666405,9.999000099990002e-05,0.0001799820017998,0.0116232424405308,0.0053551207262257,0.0176007542809169,9.999000099990002e-05,0.0001928378590712
macula_dd2,Macula (2 DD),vein_branch_count,Vein branch count,scalar_score,One-variable scalar-score Ridge probe,5187,-0.0198175240657827,-0.0465021986100697,0.006180724820027,0.1566843315668433,0.2014512834430842,-0.0003973359517379,-0.0014843876937224,1.894215193188882e-05,0.8866113388661134,1.0
macula_dd2,Macula (2 DD),vein_branch_count,Vein branch count,latent_2048,Frozen 2048-D Ridge probe,5187,0.1005423964005027,0.0740269488110371,0.1275124093519192,9.999000099990002e-05,0.0001285585727141,0.006325303779428,-0.0008315420638531,0.0131278089255666,9.999000099990002e-05,0.0001285585727141
macula_dd2,Macula (2 DD),vein_branch_count,Vein branch count,clinical_age_sex_hba1c,Age + sex + HbA1c Ridge probe,5187,0.0776331649803645,0.0506234640379413,0.1054967082866635,9.999000099990002e-05,0.0001799820017998,0.0056073594697517,0.0011075411945816,0.0095766269826168,9.999000099990002e-05,0.0001928378590712
