,"Training
(29081 participants)","Testing
(7331 participants)",,"External Validation
(3899 participants)",
,Missing Rate,After Imputation,Missing Rate,After Imputation,"P
Value",Missing Rate,After Imputation,"P
Value"
Current Smoking,0.107,"6920, 23.8%",0.112,"1722, 23.5%",0.582,0.230,"878, 22.5%",0.078
Current Drinking,0.108,"2770, 9.52%",0.113,"704, 9.60%",0.839,0.231,"446, 11.4%",<0.001
Systolic BP,0.025,130.8 ± 18.53,0.025,130.9 ± 18.57,0.768,0.206,128.8 ± 13.31,<0.001
Diastolic BP,0.025,77.51 ± 11.13,0.025,77.48 ± 11.26,0.853,0.206,78.24 ± 9.18,<0.001
Heart Rate,0.026,80.75 ± 11.61,0.026,80.94 ± 11.58,0.134,0.207,79.05 ± 9.3,<0.001
BMI,0.008,25.65 ± 3.76,0.008,25.67 ± 3.73,0.663,0.026,25.88 ± 4.11,0.048
Duration of diabetes (years),0.137,"5.0 (1.0, 10.0)",0.142,"5.0 (1.0, 10.0)",0.027,0.251,"5.0 (1.0, 10.0)",0.008
Diagnostic history of hypertension,0.106,"10931, 37.6%",0.112,"2759, 37.6%",0.941,0.228,"1290, 33.1%",<0.001
Diagnostic history of dyslipidemia,0.107,"7262, 25.0%",0.112,"1885, 25.7%",0.191,0.229,"670, 17.2%",<0.001
Diagnostic history of cardiovascular disease,0.110,"2980, 10.2%",0.115,"800, 10.9%",0.095,0.450,"301, 7.72%",<0.001
