imputation,feature_position,feature_name,feature_label,coefficient,intercept,negative_class,positive_class
1,1,param1,Sex,-0.05360992304846518,0.2709271936857218,false,true
1,2,param2,Age,0.7241947427301687,0.2709271936857218,false,true
1,3,param3,Diastolic blood pressure,0.1906371851919133,0.2709271936857218,false,true
1,4,param4,Systolic blood pressure,0.7133802452881071,0.2709271936857218,false,true
1,5,param5,Heart rate,0.3045248411974804,0.2709271936857218,false,true
1,6,param6,Body mass index,-0.11101274371167175,0.2709271936857218,false,true
1,7,param7,Diabetes duration,0.20575589144682993,0.2709271936857218,false,true
1,8,param8,Hypertension,0.2779939902251855,0.2709271936857218,false,true
1,9,param9,Dyslipidemia,0.01590469273804575,0.2709271936857218,false,true
1,10,param10,Cardiovascular-disease history,-0.031087601473638468,0.2709271936857218,false,true
1,11,param11,Current smoking,-0.007679073029662061,0.2709271936857218,false,true
1,12,param12,Current drinking,0.029086560357857692,0.2709271936857218,false,true
1,13,img_score,Paper image-model score,1.6381149301248932,0.2709271936857218,false,true
2,1,param1,Sex,-0.04908761407167649,0.2618428667714821,false,true
2,2,param2,Age,0.7213636729525598,0.2618428667714821,false,true
2,3,param3,Diastolic blood pressure,0.19382163992267615,0.2618428667714821,false,true
2,4,param4,Systolic blood pressure,0.7077448146464639,0.2618428667714821,false,true
2,5,param5,Heart rate,0.2965952317028482,0.2618428667714821,false,true
2,6,param6,Body mass index,-0.11227392156598946,0.2618428667714821,false,true
2,7,param7,Diabetes duration,0.2003655999416645,0.2618428667714821,false,true
2,8,param8,Hypertension,0.28252354160294685,0.2618428667714821,false,true
2,9,param9,Dyslipidemia,0.011836126781885389,0.2618428667714821,false,true
2,10,param10,Cardiovascular-disease history,-0.03455590634867972,0.2618428667714821,false,true
2,11,param11,Current smoking,-0.0014015905332067221,0.2618428667714821,false,true
2,12,param12,Current drinking,0.02886371794363389,0.2618428667714821,false,true
2,13,img_score,Paper image-model score,1.6425537704731923,0.2618428667714821,false,true
3,1,param1,Sex,-0.05215957931970446,0.2679694135192753,false,true
3,2,param2,Age,0.7254837699900317,0.2679694135192753,false,true
3,3,param3,Diastolic blood pressure,0.19351125910112538,0.2679694135192753,false,true
3,4,param4,Systolic blood pressure,0.7158179049556873,0.2679694135192753,false,true
3,5,param5,Heart rate,0.3024001419876816,0.2679694135192753,false,true
3,6,param6,Body mass index,-0.11541111142548521,0.2679694135192753,false,true
3,7,param7,Diabetes duration,0.18775007849537192,0.2679694135192753,false,true
3,8,param8,Hypertension,0.28221697265016427,0.2679694135192753,false,true
3,9,param9,Dyslipidemia,0.02516529443894274,0.2679694135192753,false,true
3,10,param10,Cardiovascular-disease history,-0.04008249861405505,0.2679694135192753,false,true
3,11,param11,Current smoking,-0.01820635140954998,0.2679694135192753,false,true
3,12,param12,Current drinking,0.03516788427562795,0.2679694135192753,false,true
3,13,img_score,Paper image-model score,1.636795848631446,0.2679694135192753,false,true
4,1,param1,Sex,-0.04949090705210685,0.26056038115925106,false,true
4,2,param2,Age,0.723484779177592,0.26056038115925106,false,true
4,3,param3,Diastolic blood pressure,0.1878898054252253,0.26056038115925106,false,true
4,4,param4,Systolic blood pressure,0.7194300332482334,0.26056038115925106,false,true
4,5,param5,Heart rate,0.3049094592440877,0.26056038115925106,false,true
4,6,param6,Body mass index,-0.11374910212034131,0.26056038115925106,false,true
4,7,param7,Diabetes duration,0.18904591236507445,0.26056038115925106,false,true
4,8,param8,Hypertension,0.274223447857678,0.26056038115925106,false,true
4,9,param9,Dyslipidemia,0.03301382729173066,0.26056038115925106,false,true
4,10,param10,Cardiovascular-disease history,-0.02112584981408852,0.26056038115925106,false,true
4,11,param11,Current smoking,-0.010059619530472434,0.26056038115925106,false,true
4,12,param12,Current drinking,0.03908089700442947,0.26056038115925106,false,true
4,13,img_score,Paper image-model score,1.6421830051856303,0.26056038115925106,false,true
5,1,param1,Sex,-0.047747242288365764,0.26134613092564585,false,true
5,2,param2,Age,0.7221629464350512,0.26134613092564585,false,true
5,3,param3,Diastolic blood pressure,0.1930316397336725,0.26134613092564585,false,true
5,4,param4,Systolic blood pressure,0.7114480103360286,0.26134613092564585,false,true
5,5,param5,Heart rate,0.30028372934206643,0.26134613092564585,false,true
5,6,param6,Body mass index,-0.11239298053666733,0.26134613092564585,false,true
5,7,param7,Diabetes duration,0.20245189462472696,0.26134613092564585,false,true
5,8,param8,Hypertension,0.2751279494655112,0.26134613092564585,false,true
5,9,param9,Dyslipidemia,0.03442442944617936,0.26134613092564585,false,true
5,10,param10,Cardiovascular-disease history,-0.017719796303756637,0.26134613092564585,false,true
5,11,param11,Current smoking,-0.0040112268144722185,0.26134613092564585,false,true
5,12,param12,Current drinking,0.020145113182760705,0.26134613092564585,false,true
5,13,img_score,Paper image-model score,1.6379941857040454,0.26134613092564585,false,true
6,1,param1,Sex,-0.08080030322813152,-0.080511975364035,false,true
6,2,param2,Age,0.6431879176980341,-0.080511975364035,false,true
6,3,param3,Diastolic blood pressure,0.16158745324334475,-0.080511975364035,false,true
6,4,param4,Systolic blood pressure,0.7501320141970497,-0.080511975364035,false,true
6,5,param5,Heart rate,0.3176709792857821,-0.080511975364035,false,true
6,6,param6,Body mass index,-0.12112654506656959,-0.080511975364035,false,true
6,7,param7,Diabetes duration,0.18253438743455472,-0.080511975364035,false,true
6,8,param8,Hypertension,0.2712445723120649,-0.080511975364035,false,true
6,9,param9,Dyslipidemia,0.0014032527540872287,-0.080511975364035,false,true
6,10,param10,Cardiovascular-disease history,-0.04126033039854812,-0.080511975364035,false,true
6,11,param11,Current smoking,-0.008195306649423934,-0.080511975364035,false,true
6,12,param12,Current drinking,0.04839255426325922,-0.080511975364035,false,true
6,13,img_score,Paper image-model score,2.263195323857669,-0.080511975364035,false,true
7,1,param1,Sex,-0.053479876920835216,0.2667947125909712,false,true
7,2,param2,Age,0.7240627119305013,0.2667947125909712,false,true
7,3,param3,Diastolic blood pressure,0.19375595005179644,0.2667947125909712,false,true
7,4,param4,Systolic blood pressure,0.7110124830759207,0.2667947125909712,false,true
7,5,param5,Heart rate,0.3027065265642951,0.2667947125909712,false,true
7,6,param6,Body mass index,-0.11369850515546129,0.2667947125909712,false,true
7,7,param7,Diabetes duration,0.19264388269394678,0.2667947125909712,false,true
7,8,param8,Hypertension,0.27617415554007385,0.2667947125909712,false,true
7,9,param9,Dyslipidemia,0.029221465239459392,0.2667947125909712,false,true
7,10,param10,Cardiovascular-disease history,-0.03142937560857714,0.2667947125909712,false,true
7,11,param11,Current smoking,-0.017184570452568836,0.2667947125909712,false,true
7,12,param12,Current drinking,0.02475723525968982,0.2667947125909712,false,true
7,13,img_score,Paper image-model score,1.6395187849547914,0.2667947125909712,false,true
8,1,param1,Sex,-0.044935796795200274,0.25775640651025694,false,true
8,2,param2,Age,0.7218367818843858,0.25775640651025694,false,true
8,3,param3,Diastolic blood pressure,0.18328830239922173,0.25775640651025694,false,true
8,4,param4,Systolic blood pressure,0.7189397232622554,0.25775640651025694,false,true
8,5,param5,Heart rate,0.2997448127602067,0.25775640651025694,false,true
8,6,param6,Body mass index,-0.11077442225862132,0.25775640651025694,false,true
8,7,param7,Diabetes duration,0.19524229083063488,0.25775640651025694,false,true
8,8,param8,Hypertension,0.26629091215331385,0.25775640651025694,false,true
8,9,param9,Dyslipidemia,0.028750280365670167,0.25775640651025694,false,true
8,10,param10,Cardiovascular-disease history,-0.008289171047064992,0.25775640651025694,false,true
8,11,param11,Current smoking,0.006751919612103467,0.25775640651025694,false,true
8,12,param12,Current drinking,0.03184416050606967,0.25775640651025694,false,true
8,13,img_score,Paper image-model score,1.6407905131142548,0.25775640651025694,false,true
9,1,param1,Sex,-0.08970880053020437,-0.0749067579291331,false,true
9,2,param2,Age,0.6476197462308393,-0.0749067579291331,false,true
9,3,param3,Diastolic blood pressure,0.16603111031776796,-0.0749067579291331,false,true
9,4,param4,Systolic blood pressure,0.7485350707402522,-0.0749067579291331,false,true
9,5,param5,Heart rate,0.3258358147321497,-0.0749067579291331,false,true
9,6,param6,Body mass index,-0.12870665753338859,-0.0749067579291331,false,true
9,7,param7,Diabetes duration,0.17775165541126167,-0.0749067579291331,false,true
9,8,param8,Hypertension,0.25887425916239043,-0.0749067579291331,false,true
9,9,param9,Dyslipidemia,0.028677098617580506,-0.0749067579291331,false,true
9,10,param10,Cardiovascular-disease history,-0.039842066692256844,-0.0749067579291331,false,true
9,11,param11,Current smoking,-0.02267187381192233,-0.0749067579291331,false,true
9,12,param12,Current drinking,0.02537851592738923,-0.0749067579291331,false,true
9,13,img_score,Paper image-model score,2.265156099809381,-0.0749067579291331,false,true
10,1,param1,Sex,-0.049203221328303265,0.26316320386176,false,true
10,2,param2,Age,0.7233926628233155,0.26316320386176,false,true
10,3,param3,Diastolic blood pressure,0.1906050932033768,0.26316320386176,false,true
10,4,param4,Systolic blood pressure,0.7210285320560744,0.26316320386176,false,true
10,5,param5,Heart rate,0.29743007019407014,0.26316320386176,false,true
10,6,param6,Body mass index,-0.11987485426112926,0.26316320386176,false,true
10,7,param7,Diabetes duration,0.19628816097918536,0.26316320386176,false,true
10,8,param8,Hypertension,0.28104309426115764,0.26316320386176,false,true
10,9,param9,Dyslipidemia,0.024855124675222544,0.26316320386176,false,true
10,10,param10,Cardiovascular-disease history,-0.03414647473971181,0.26316320386176,false,true
10,11,param11,Current smoking,0.006057710347288042,0.26316320386176,false,true
10,12,param12,Current drinking,0.02714412205345238,0.26316320386176,false,true
10,13,img_score,Paper image-model score,1.6407485776439852,0.26316320386176,false,true
11,1,param1,Sex,-0.04173943821306427,0.25261608671926994,false,true
11,2,param2,Age,0.7241947480566854,0.25261608671926994,false,true
11,3,param3,Diastolic blood pressure,0.19108553498562716,0.25261608671926994,false,true
11,4,param4,Systolic blood pressure,0.7253627442233872,0.25261608671926994,false,true
11,5,param5,Heart rate,0.2992973135906964,0.25261608671926994,false,true
11,6,param6,Body mass index,-0.12117070863335237,0.25261608671926994,false,true
11,7,param7,Diabetes duration,0.1853871193780589,0.25261608671926994,false,true
11,8,param8,Hypertension,0.29201084473700956,0.25261608671926994,false,true
11,9,param9,Dyslipidemia,0.02686593967206423,0.25261608671926994,false,true
11,10,param10,Cardiovascular-disease history,-0.024802230102411317,0.25261608671926994,false,true
11,11,param11,Current smoking,0.012446710855089244,0.25261608671926994,false,true
11,12,param12,Current drinking,0.03780273122008434,0.25261608671926994,false,true
11,13,img_score,Paper image-model score,1.6348984620162312,0.25261608671926994,false,true
12,1,param1,Sex,-0.04610766884425987,0.24505934137183275,false,true
12,2,param2,Age,0.7232742870166923,0.24505934137183275,false,true
12,3,param3,Diastolic blood pressure,0.1880913025791274,0.24505934137183275,false,true
12,4,param4,Systolic blood pressure,0.709248153982073,0.24505934137183275,false,true
12,5,param5,Heart rate,0.29683412148435634,0.24505934137183275,false,true
12,6,param6,Body mass index,-0.11748729928407792,0.24505934137183275,false,true
12,7,param7,Diabetes duration,0.18711282727995018,0.24505934137183275,false,true
12,8,param8,Hypertension,0.29107207341216146,0.24505934137183275,false,true
12,9,param9,Dyslipidemia,0.05045977245664901,0.24505934137183275,false,true
12,10,param10,Cardiovascular-disease history,-0.04330534248448104,0.24505934137183275,false,true
12,11,param11,Current smoking,0.002051221023561431,0.24505934137183275,false,true
12,12,param12,Current drinking,0.03200707105562524,0.24505934137183275,false,true
12,13,img_score,Paper image-model score,1.6401067686095685,0.24505934137183275,false,true
13,1,param1,Sex,-0.048286933038824864,0.2627659815028369,false,true
13,2,param2,Age,0.7238741029470651,0.2627659815028369,false,true
13,3,param3,Diastolic blood pressure,0.18412107708550274,0.2627659815028369,false,true
13,4,param4,Systolic blood pressure,0.7221046223799673,0.2627659815028369,false,true
13,5,param5,Heart rate,0.3037263953873126,0.2627659815028369,false,true
13,6,param6,Body mass index,-0.11521715417940454,0.2627659815028369,false,true
13,7,param7,Diabetes duration,0.1954159865065812,0.2627659815028369,false,true
13,8,param8,Hypertension,0.2864340107858977,0.2627659815028369,false,true
13,9,param9,Dyslipidemia,0.009154511281261544,0.2627659815028369,false,true
13,10,param10,Cardiovascular-disease history,-0.011253346852961898,0.2627659815028369,false,true
13,11,param11,Current smoking,0.007835317518183876,0.2627659815028369,false,true
13,12,param12,Current drinking,0.02228813306169568,0.2627659815028369,false,true
13,13,img_score,Paper image-model score,1.6365676781092278,0.2627659815028369,false,true
14,1,param1,Sex,-0.04639291031712887,0.2539637502632777,false,true
14,2,param2,Age,0.7208267554307872,0.2539637502632777,false,true
14,3,param3,Diastolic blood pressure,0.18776275993732283,0.2539637502632777,false,true
14,4,param4,Systolic blood pressure,0.7141885456949777,0.2539637502632777,false,true
14,5,param5,Heart rate,0.3009045284813185,0.2539637502632777,false,true
14,6,param6,Body mass index,-0.1162265987138475,0.2539637502632777,false,true
14,7,param7,Diabetes duration,0.20110384062956943,0.2539637502632777,false,true
14,8,param8,Hypertension,0.301231878784677,0.2539637502632777,false,true
14,9,param9,Dyslipidemia,0.03769896248139005,0.2539637502632777,false,true
14,10,param10,Cardiovascular-disease history,-0.03251743042453531,0.2539637502632777,false,true
14,11,param11,Current smoking,0.0025979658676931598,0.2539637502632777,false,true
14,12,param12,Current drinking,0.023626603638355004,0.2539637502632777,false,true
14,13,img_score,Paper image-model score,1.636239170026674,0.2539637502632777,false,true
15,1,param1,Sex,-0.08154579705623696,-0.08728732513462123,false,true
15,2,param2,Age,0.6454385545172473,-0.08728732513462123,false,true
15,3,param3,Diastolic blood pressure,0.16862944941329658,-0.08728732513462123,false,true
15,4,param4,Systolic blood pressure,0.7436771869438255,-0.08728732513462123,false,true
15,5,param5,Heart rate,0.316494986739081,-0.08728732513462123,false,true
15,6,param6,Body mass index,-0.12389321226891317,-0.08728732513462123,false,true
15,7,param7,Diabetes duration,0.17933852845578147,-0.08728732513462123,false,true
15,8,param8,Hypertension,0.2753276623919845,-0.08728732513462123,false,true
15,9,param9,Dyslipidemia,0.026652213986121803,-0.08728732513462123,false,true
15,10,param10,Cardiovascular-disease history,-0.06654081332220123,-0.08728732513462123,false,true
15,11,param11,Current smoking,0.003139684585553206,-0.08728732513462123,false,true
15,12,param12,Current drinking,0.023098512693296023,-0.08728732513462123,false,true
15,13,img_score,Paper image-model score,2.263712559687845,-0.08728732513462123,false,true
16,1,param1,Sex,-0.04614619724466111,0.2670518694004075,false,true
16,2,param2,Age,0.7240576112446885,0.2670518694004075,false,true
16,3,param3,Diastolic blood pressure,0.18744780344424547,0.2670518694004075,false,true
16,4,param4,Systolic blood pressure,0.7228841945766225,0.2670518694004075,false,true
16,5,param5,Heart rate,0.3050552759957537,0.2670518694004075,false,true
16,6,param6,Body mass index,-0.11483471667450715,0.2670518694004075,false,true
16,7,param7,Diabetes duration,0.20462607067821384,0.2670518694004075,false,true
16,8,param8,Hypertension,0.2790713752888889,0.2670518694004075,false,true
16,9,param9,Dyslipidemia,0.020905074384531323,0.2670518694004075,false,true
16,10,param10,Cardiovascular-disease history,-0.02387855040673608,0.2670518694004075,false,true
16,11,param11,Current smoking,0.010709626022335876,0.2670518694004075,false,true
16,12,param12,Current drinking,0.018931397468024858,0.2670518694004075,false,true
16,13,img_score,Paper image-model score,1.6362088976512805,0.2670518694004075,false,true
17,1,param1,Sex,-0.05047103166208707,0.25462993368779896,false,true
17,2,param2,Age,0.7244926161389451,0.25462993368779896,false,true
17,3,param3,Diastolic blood pressure,0.18922583557721018,0.25462993368779896,false,true
17,4,param4,Systolic blood pressure,0.7150439710816222,0.25462993368779896,false,true
17,5,param5,Heart rate,0.298587034052009,0.25462993368779896,false,true
17,6,param6,Body mass index,-0.11053748634981458,0.25462993368779896,false,true
17,7,param7,Diabetes duration,0.1778977767476782,0.25462993368779896,false,true
17,8,param8,Hypertension,0.28416222619031034,0.25462993368779896,false,true
17,9,param9,Dyslipidemia,0.019753987584996593,0.25462993368779896,false,true
17,10,param10,Cardiovascular-disease history,-0.011182388446824735,0.25462993368779896,false,true
17,11,param11,Current smoking,-0.006648518424511708,0.25462993368779896,false,true
17,12,param12,Current drinking,0.038255527736089555,0.25462993368779896,false,true
17,13,img_score,Paper image-model score,1.6437795473735246,0.25462993368779896,false,true
18,1,param1,Sex,-0.04439163249781996,0.2640238113951516,false,true
18,2,param2,Age,0.7255354680791334,0.2640238113951516,false,true
18,3,param3,Diastolic blood pressure,0.19326051623301588,0.2640238113951516,false,true
18,4,param4,Systolic blood pressure,0.7181822519763744,0.2640238113951516,false,true
18,5,param5,Heart rate,0.2996547130626204,0.2640238113951516,false,true
18,6,param6,Body mass index,-0.11290884239334975,0.2640238113951516,false,true
18,7,param7,Diabetes duration,0.1931471015497823,0.2640238113951516,false,true
18,8,param8,Hypertension,0.25872555677521536,0.2640238113951516,false,true
18,9,param9,Dyslipidemia,0.024406922086660468,0.2640238113951516,false,true
18,10,param10,Cardiovascular-disease history,-0.014988592176115647,0.2640238113951516,false,true
18,11,param11,Current smoking,0.007006369815251393,0.2640238113951516,false,true
18,12,param12,Current drinking,0.03603229008646434,0.2640238113951516,false,true
18,13,img_score,Paper image-model score,1.6419176442916643,0.2640238113951516,false,true
19,1,param1,Sex,-0.0446421084888843,0.26015137134098576,false,true
19,2,param2,Age,0.7199790131839798,0.26015137134098576,false,true
19,3,param3,Diastolic blood pressure,0.18868543184611286,0.26015137134098576,false,true
19,4,param4,Systolic blood pressure,0.7204269183973988,0.26015137134098576,false,true
19,5,param5,Heart rate,0.29925366109267615,0.26015137134098576,false,true
19,6,param6,Body mass index,-0.11271923749643267,0.26015137134098576,false,true
19,7,param7,Diabetes duration,0.2028250933351363,0.26015137134098576,false,true
19,8,param8,Hypertension,0.2723155832360937,0.26015137134098576,false,true
19,9,param9,Dyslipidemia,0.028483971039908264,0.26015137134098576,false,true
19,10,param10,Cardiovascular-disease history,-0.022595861258191567,0.26015137134098576,false,true
19,11,param11,Current smoking,-0.002706441242403377,0.26015137134098576,false,true
19,12,param12,Current drinking,0.04253133830619165,0.26015137134098576,false,true
19,13,img_score,Paper image-model score,1.640329250700414,0.26015137134098576,false,true
20,1,param1,Sex,-0.04779670987090553,0.2579471517437496,false,true
20,2,param2,Age,0.7240524316197309,0.2579471517437496,false,true
20,3,param3,Diastolic blood pressure,0.1821472518877907,0.2579471517437496,false,true
20,4,param4,Systolic blood pressure,0.7157816638916196,0.2579471517437496,false,true
20,5,param5,Heart rate,0.3002651900286662,0.2579471517437496,false,true
20,6,param6,Body mass index,-0.1132994292490296,0.2579471517437496,false,true
20,7,param7,Diabetes duration,0.189466439811487,0.2579471517437496,false,true
20,8,param8,Hypertension,0.26199045909100144,0.2579471517437496,false,true
20,9,param9,Dyslipidemia,0.02217923447049781,0.2579471517437496,false,true
20,10,param10,Cardiovascular-disease history,-0.022912894482052835,0.2579471517437496,false,true
20,11,param11,Current smoking,0.00119955272607964,0.2579471517437496,false,true
20,12,param12,Current drinking,0.04104755290134344,0.2579471517437496,false,true
20,13,img_score,Paper image-model score,1.6476716323025273,0.2579471517437496,false,true
